platform,post_id,created_at,text,lang,author_id,author_username,author_name,likes,retweets,replies,quotes,conversation_id,source_query
x,1961899981834436608,2025-08-30T21:13:00.000Z,@PG10_FanactuFr @NeVar_27 @autohebdo il ne doit sa place qu'a Honda,fr,538949482,fragnite60,fragnite60,0,0,0,0,1961854259034525749,"(Honda OR ""Honda Moto"" OR ""Honda France"" OR ""Honda Moto France"" OR Transalp OR ""Africa Twin"" OR CB500X) lang:fr -is:retweet"
x,1961897174872052052,2025-08-30T21:01:51.000Z,@BullinLaur59128 @Doc_Rogno arr√™te les Africa Twin et les Nx500 sont tops,fr,1733438278559301633,edz_elsass,Elias üá≤üá®,0,0,0,0,1961714587251675525,"(Honda OR ""Honda Moto"" OR ""Honda France"" OR ""Honda Moto France"" OR Transalp OR ""Africa Twin"" OR CB500X) lang:fr -is:retweet"
x,1961893208314528163,2025-08-30T20:46:05.000Z,"Honda S600 Coupe, 1965  #Honda #Japan #ClassicCars https://t.co/eOnPiiLKdQ",fr,1944242980501508096,RyuTakahashi117,Bushido Ryu,0,0,0,0,1961893208314528163,"(Honda OR ""Honda Moto"" OR ""Honda France"" OR ""Honda Moto France"" OR Transalp OR ""Africa Twin"" OR CB500X) lang:fr -is:retweet"
x,1961888271161516393,2025-08-30T20:26:28.000Z,Mbapp√© est pas conscient qu‚Äôil a une Honda 250 dans les fesses ?,fr,1324522118642606080,WooJvh,‚ÄèŸå,3,0,0,0,1961888271161516393,"(Honda OR ""Honda Moto"" OR ""Honda France"" OR ""Honda Moto France"" OR Transalp OR ""Africa Twin"" OR CB500X) lang:fr -is:retweet"
x,1961879623467245874,2025-08-30T19:52:06.000Z,Comment est-ce qu‚Äôon veut avancer quand le mec qui dirige l‚Äô√©curie dit qu‚Äôon est √† ¬´¬†√©galit√© avec McLaren¬†¬ª ?   Il est temps de partir vieux p√®re. Merci pour le RBJT. Merci pour le deal avec Honda. Mais casse toi maintenantüôè https://t.co/9lSgFmdVbQ,fr,1450213905100414981,redbullf1france,#Wach√©OUT,21,1,1,0,1961879623467245874,"(Honda OR ""Honda Moto"" OR ""Honda France"" OR ""Honda Moto France"" OR Transalp OR ""Africa Twin"" OR CB500X) lang:fr -is:retweet"
x,1961872589455843558,2025-08-30T19:24:09.000Z,"@3arbiInconito T'es parti avec quoi, cb500x ?",fr,1444050863312543744,ParadisOuEnfer,"Thomas, le mec qui parle tjrs de moto l√†",0,0,1,0,1961866513314443541,"(Honda OR ""Honda Moto"" OR ""Honda France"" OR ""Honda Moto France"" OR Transalp OR ""Africa Twin"" OR CB500X) lang:fr -is:retweet"
x,1961849061171933636,2025-08-30T17:50:40.000Z,@FrankPasLegault Jai pr√©sentement une honda fit 2008. Je veux qqchose de semblable ou qui ressemble √† un utilitaire mais pas qui est ds le top 5 des plus vol√©s,fr,1519012915503902720,Johanne2418,Jo Isa,0,0,0,0,1961628666666094602,"(Honda OR ""Honda Moto"" OR ""Honda France"" OR ""Honda Moto France"" OR Transalp OR ""Africa Twin"" OR CB500X) lang:fr -is:retweet"
x,1961842333760016737,2025-08-30T17:23:56.000Z,@ShutUpKaren14 Jai un honda et il a 17 ans et je peux compter les fois que jai d√ª aller au garage,fr,1519012915503902720,Johanne2418,Jo Isa,1,0,1,0,1961628666666094602,"(Honda OR ""Honda Moto"" OR ""Honda France"" OR ""Honda Moto France"" OR Transalp OR ""Africa Twin"" OR CB500X) lang:fr -is:retweet"
x,1961841923573817788,2025-08-30T17:22:18.000Z,"@Johanne2418 Pas vraiment, probablement plus que GM, mais le mien ne brise pas pour dire franchement. J'√©tais plus souvent au garage avec mon Honda.",fr,1540715011152269312,ShutUpKaren14,HorseGuy,1,0,1,0,1961628666666094602,"(Honda OR ""Honda Moto"" OR ""Honda France"" OR ""Honda Moto France"" OR Transalp OR ""Africa Twin"" OR CB500X) lang:fr -is:retweet"
x,1961840845616783798,2025-08-30T17:18:01.000Z,@Fabrice_LMAA Tout comme honda! Mais quel mod√®le jpourrais acheter sans me ruiner,fr,1519012915503902720,Johanne2418,Jo Isa,0,0,0,0,1961628666666094602,"(Honda OR ""Honda Moto"" OR ""Honda France"" OR ""Honda Moto France"" OR Transalp OR ""Africa Twin"" OR CB500X) lang:fr -is:retweet"
x,1961836642475360724,2025-08-30T17:01:19.000Z,"@TristanHomy Honda qui motorise Aston Martin, c‚Äôest la meilleur opportunit√© pour que Tsunoda remplace Stroll",fr,610754764,Enever33,üèñÔ∏èSchumiüèñÔ∏è,2,0,1,0,1961781743758811431,"(Honda OR ""Honda Moto"" OR ""Honda France"" OR ""Honda Moto France"" OR Transalp OR ""Africa Twin"" OR CB500X) lang:fr -is:retweet"
x,1961833768219476021,2025-08-30T16:49:54.000Z,@IHadjar_fans @F1insidercom Yuki ira chez Aston avec le moteur Honda je pense,fr,1620758798200602628,Air_Esterel,Mathieu,0,0,1,0,1961520279999369472,"(Honda OR ""Honda Moto"" OR ""Honda France"" OR ""Honda Moto France"" OR Transalp OR ""Africa Twin"" OR CB500X) lang:fr -is:retweet"
x,1961828483685892500,2025-08-30T16:28:54.000Z,Tu veux m'test prends RDV ‚åö jte double en Honda X-ADV üèçÔ∏è Oui j'aime tes yeux tes joues d'b√©b√© ü•∫ moi jraconte tout sur l'CD üíø,fr,1476848602794315778,ZSONPERZ,m√©chant m√©chant,1,0,0,0,1961828483685892500,"(Honda OR ""Honda Moto"" OR ""Honda France"" OR ""Honda Moto France"" OR Transalp OR ""Africa Twin"" OR CB500X) lang:fr -is:retweet"
x,1961817640126607809,2025-08-30T15:45:48.000Z,"Le ""Honda Sensing 360"" (avec 360 capteurs) est relou √† biper pour tout et surtout rien. Au pr√©texte de prot√©ger le conducteur, il le met en alerte sans r√©pit.  On peut couper une bonne partie de ces aides pas aidantes. Le maintien dans la voie bouge le volant constamment, chiant. https://t.co/EYxUuJdVXv",fr,1392040908498120704,NHoonited,Le Novichok De Hoonited,0,0,1,1,1960371375744434270,"(Honda OR ""Honda Moto"" OR ""Honda France"" OR ""Honda Moto France"" OR Transalp OR ""Africa Twin"" OR CB500X) lang:fr -is:retweet"
x,1961792742599623009,2025-08-30T14:06:52.000Z,"Seppe De Meyere, Honda Diaries, 2022, oil on canvas https://t.co/wsnvLoBJoz",fr,20546335,joesview,Joe Meyers,1,0,0,0,1961792742599623009,"(Honda OR ""Honda Moto"" OR ""Honda France"" OR ""Honda Moto France"" OR Transalp OR ""Africa Twin"" OR CB500X) lang:fr -is:retweet"
x,1961787051122008385,2025-08-30T13:44:15.000Z,"@eternalfree6677 @tvanouvelles Pour ce qui est des chars,rien d √©ternel et tous des mange- frics.On est d'accord. Mais la qualit√© japonaise r√©duit un peu l amertume. Conserver une Toyota/ Honda 15 √† 20 ans est tres faisable et amorti la d√©pense  initiale. Je l ai fais !  Maus cest sur que tu seras pas ""in""",fr,1796689052474769408,Chaprot99,p,0,0,0,0,1961712414497390716,"(Honda OR ""Honda Moto"" OR ""Honda France"" OR ""Honda Moto France"" OR Transalp OR ""Africa Twin"" OR CB500X) lang:fr -is:retweet"
x,1961761272980013444,2025-08-30T12:01:49.000Z,"@Johanne2418 √áa d√©pend du format que tu cherches. Dans le aussi fiable que Honda mais plus abordable tu peux aller chercher un Nissan, m√™me un ou deux ans d‚Äô√¢ge. Dans les petites berlines tu as la Sentra, si tu veux dans le multi segment traction int√©grale je te sugg√®re le Murano.",fr,1833305724069244928,FrankPasLegault,Fran√ßois - Pas le Francois Legault,0,0,0,0,1961628666666094602,"(Honda OR ""Honda Moto"" OR ""Honda France"" OR ""Honda Moto France"" OR Transalp OR ""Africa Twin"" OR CB500X) lang:fr -is:retweet"
x,1961746260609716675,2025-08-30T11:02:10.000Z,"MotoGP, Honda 2026 : Marini prolonge, Moreira d√©barque, et l‚Äô√©quilibre interne explose d√©j√† https://t.co/TwJBuD3EHa https://t.co/eFOgSBNe1o",fr,4865343766,Paddock_GP,Paddock-GP,0,0,0,0,1961746260609716675,"(Honda OR ""Honda Moto"" OR ""Honda France"" OR ""Honda Moto France"" OR Transalp OR ""Africa Twin"" OR CB500X) lang:fr -is:retweet"
x,1961742040070345121,2025-08-30T10:45:24.000Z,"@Doc_Rogno Tu peux appliquer le m√™me raisonnement aux motos Honda. Boite d'ing√©nieurs, moteurs increvables, mais un design de merde....",fr,1641735734708109313,BullinLaur59128,Bullin Laurent,7,0,4,0,1961714587251675525,"(Honda OR ""Honda Moto"" OR ""Honda France"" OR ""Honda Moto France"" OR Transalp OR ""Africa Twin"" OR CB500X) lang:fr -is:retweet"
x,1961709259105747018,2025-08-30T08:35:08.000Z,@miyuukoyu tu trahis la honda azy,fr,1752047306730258432,Pvllooo,PvLlo üëë (env les tall 8),0,0,0,0,1961566988150452658,"(Honda OR ""Honda Moto"" OR ""Honda France"" OR ""Honda Moto France"" OR Transalp OR ""Africa Twin"" OR CB500X) lang:fr -is:retweet"
x,1961648188462436605,2025-08-30T04:32:28.000Z,JSP Honda   #JSPhonda #Honda #HondaTwoWheelers #HondaBikes #Activa #Honda_bike #hondamotorcycles #bike  #CSDSales https://t.co/RxcUc3JIVX,fr,1275415876540395520,honda_jsp,jsp honda,0,0,0,0,1961648188462436605,"(Honda OR ""Honda Moto"" OR ""Honda France"" OR ""Honda Moto France"" OR Transalp OR ""Africa Twin"" OR CB500X) lang:fr -is:retweet"
x,1961645929477308691,2025-08-30T04:23:29.000Z,@Johanne2418 Un honda accord usag√© de 4-5 ans.üëç,fr,1519600274284896256,Christ4Barrette,Mr Christian üßò‚Äç‚ôÇÔ∏è,0,0,0,0,1961628666666094602,"(Honda OR ""Honda Moto"" OR ""Honda France"" OR ""Honda Moto France"" OR Transalp OR ""Africa Twin"" OR CB500X) lang:fr -is:retweet"
x,1961632168649650476,2025-08-30T03:28:49.000Z,"@Johanne2418 nissan , s est des bonne auto , moint dispendieuse que les honda/toyota , et les pi√®ces sont moin ch√®re , mais avant de faire une achat , recherche si il y a des probl√®me avec le model choisi , mazda dans le temps avais de bonne m√©canique , mais body rouilleux , ps = si tu a des",fr,1285207820909109252,MDion10086778,M Dion,0,0,0,0,1961628666666094602,"(Honda OR ""Honda Moto"" OR ""Honda France"" OR ""Honda Moto France"" OR Transalp OR ""Africa Twin"" OR CB500X) lang:fr -is:retweet"
x,1961628666666094602,2025-08-30T03:14:54.000Z,"Bon je vais devoir changer de voiture bient√¥t et jsais pas quoi acheter qui se compare √† une honda d‚Äôoccasion, car je ne veux pas de paiement par mois pendant 8 ans, que me sugg√©rez vous?",fr,1519012915503902720,Johanne2418,Jo Isa,0,0,6,0,1961628666666094602,"(Honda OR ""Honda Moto"" OR ""Honda France"" OR ""Honda Moto France"" OR Transalp OR ""Africa Twin"" OR CB500X) lang:fr -is:retweet"
x,1961627715066617981,2025-08-30T03:11:07.000Z,"PUBLIC ASSIST 500 LOG CABIN RANCH RD, LA HONDA (UNINC) (2025-08-29 20:09:27)",fr,30528687,FireDispatchSMC,FireDispatch.com,0,0,0,0,1961627715066617981,"(Honda OR ""Honda Moto"" OR ""Honda France"" OR ""Honda Moto France"" OR Transalp OR ""Africa Twin"" OR CB500X) lang:fr -is:retweet"
x,1961600757750173861,2025-08-30T01:24:00.000Z,Options BMW MERCEDES AUDI HONDA,fr,1322436955,aneratica,per traumatica,7,0,1,0,1961600686493196619,"(Honda OR ""Honda Moto"" OR ""Honda France"" OR ""Honda Moto France"" OR Transalp OR ""Africa Twin"" OR CB500X) lang:fr -is:retweet"
x,1961544122197839903,2025-08-29T21:38:57.000Z,@00200x Il a trahis la honda,fr,1616867542894796804,usermanov,selw,0,0,0,0,1961539891126571421,"(Honda OR ""Honda Moto"" OR ""Honda France"" OR ""Honda Moto France"" OR Transalp OR ""Africa Twin"" OR CB500X) lang:fr -is:retweet"
x,1961543365855776954,2025-08-29T21:35:56.000Z,@useermns Jtaime un poco trahi pas la Honda Nous deux sur la moto on a tous les contact T'es mon reuf ne me baise pas Si c'est la hess ne me laisse pas,fr,1591900304039198720,Lorenzoo077,+39üè¥‚Äç‚ò†Ô∏è,0,0,0,0,1961535580577140858,"(Honda OR ""Honda Moto"" OR ""Honda France"" OR ""Honda Moto France"" OR Transalp OR ""Africa Twin"" OR CB500X) lang:fr -is:retweet"
x,1961542657186103373,2025-08-29T21:33:07.000Z,@Lorenzoo077 J't'aime un poco trahi pas la Honda Nous deux sur la moto on a tous les contacts t'es mon reuf ne me baise pas si c'est la hess ne me laisse pas,fr,1958310859819851778,useermns,ùìíùì±ùì™ùîÇ‚Äô,0,0,1,0,1961535580577140858,"(Honda OR ""Honda Moto"" OR ""Honda France"" OR ""Honda Moto France"" OR Transalp OR ""Africa Twin"" OR CB500X) lang:fr -is:retweet"
x,1961542158865064089,2025-08-29T21:31:09.000Z,@MotoetGPaddict Ca n'emp√™che pas que je suis enti√®rement d'accord avec brook. Je chie sur Honda.,fr,813067532173250560,Gartondeau,Eug√®ne Portraidarüîª,0,0,0,0,1961481730130317757,"(Honda OR ""Honda Moto"" OR ""Honda France"" OR ""Honda Moto France"" OR Transalp OR ""Africa Twin"" OR CB500X) lang:fr -is:retweet"
x,1961541505916543227,2025-08-29T21:28:33.000Z,@useermns J'reviendrai avec une arme √† feu si on perd Jtaime un poco trahi pas la Honda Nous deux sur la moto on a tous les contacts T'es mon reuf ne me baise pas Si c'est la hess ne me laisse pas,fr,1591900304039198720,Lorenzoo077,+39üè¥‚Äç‚ò†Ô∏è,1,0,1,0,1961535580577140858,"(Honda OR ""Honda Moto"" OR ""Honda France"" OR ""Honda Moto France"" OR Transalp OR ""Africa Twin"" OR CB500X) lang:fr -is:retweet"
x,1961536477680058464,2025-08-29T21:08:34.000Z,@useermns J't'aime un poco trahi pas la Honda Nous deux sur la moto on a tous les contact,fr,1591900304039198720,Lorenzoo077,+39üè¥‚Äç‚ò†Ô∏è,1,0,1,0,1961535580577140858,"(Honda OR ""Honda Moto"" OR ""Honda France"" OR ""Honda Moto France"" OR Transalp OR ""Africa Twin"" OR CB500X) lang:fr -is:retweet"
x,1961535580577140858,2025-08-29T21:05:00.000Z,"Jt‚Äôaime un poco, trahi pas la honda",fr,1958310859819851778,useermns,ùìíùì±ùì™ùîÇ‚Äô,2,0,1,0,1961535580577140858,"(Honda OR ""Honda Moto"" OR ""Honda France"" OR ""Honda Moto France"" OR Transalp OR ""Africa Twin"" OR CB500X) lang:fr -is:retweet"
x,1961532842095104397,2025-08-29T20:54:07.000Z,"Hyakushou Ikki (FUMA &amp; Ryuichi Sekine) (c) vs MJ2 (Ayumu Honda &amp; Kengo Mashimo) - IRON FIST Tag Title - Pro Wrestling Basara - 03/08/2025  Mashimo est une des raisons qui m'a fait regarder ce match, franchement tr√®s bon, je me suis bien r√©gal√©. https://t.co/joaVT2miqo",fr,1266406940650999817,Amaury8887,Amaury -„Ç¢„Éû„Ç¶„É™„Éº,0,0,1,0,1816219684506616114,"(Honda OR ""Honda Moto"" OR ""Honda France"" OR ""Honda Moto France"" OR Transalp OR ""Africa Twin"" OR CB500X) lang:fr -is:retweet"
x,1961523150128091598,2025-08-29T20:15:36.000Z,2009 Honda Accord  Mint Condition.  üí∞ 5.5M üìç Kaduna https://t.co/aGSxV3K0Sz,fr,1718931254177923072,Maleekoyibo,MALEEK 1.0,2,2,1,0,1961523150128091598,"(Honda OR ""Honda Moto"" OR ""Honda France"" OR ""Honda Moto France"" OR Transalp OR ""Africa Twin"" OR CB500X) lang:fr -is:retweet"
x,1961520459616301309,2025-08-29T20:04:55.000Z,Paris - Lyon en tgv pour aller chercher une Honda CG et rentrer avec sur Paris https://t.co/NRjd2FudDU,fr,1652092185074884608,nagvmir,sow,7,0,1,0,1961520459616301309,"(Honda OR ""Honda Moto"" OR ""Honda France"" OR ""Honda Moto France"" OR Transalp OR ""Africa Twin"" OR CB500X) lang:fr -is:retweet"
x,1961512059167756301,2025-08-29T19:31:32.000Z,"@maxime84591685 J'ai reproduit.  Toutefois, avec le temps et le recul, j'ai compris que le daron avait pr√©text√© mon permis et la ford escort pour se payer une honda pr√©lude coup√© sport... L'enfoir√©... Sa crise de la cinquantaine, quoi.  Aujourd'hui, je le comprends !",fr,1001406211,lombregrise,Vostre Bon Comte Robert OFFICIEL #KALSARIK√ÑNNIT,3,0,1,0,1961509178125815937,"(Honda OR ""Honda Moto"" OR ""Honda France"" OR ""Honda Moto France"" OR Transalp OR ""Africa Twin"" OR CB500X) lang:fr -is:retweet"
x,1961508501932707874,2025-08-29T19:17:24.000Z,"@corinnedu11 Je vais en rajouter une couche : mon p√®re a √©t√© invit√© √† visiter le Japon par Mr Honda , avec Geisha comme dame de compagnie . Il √©tait un peu blas√© parce qu ' il voyageait en Concorde et je t ' emmerde  ,pauvre t√¢che !",fr,1535237997708431360,Larsgrisette1,Laurence Dupuy @ Larsgrisette .,0,0,0,0,1961450268106670384,"(Honda OR ""Honda Moto"" OR ""Honda France"" OR ""Honda Moto France"" OR Transalp OR ""Africa Twin"" OR CB500X) lang:fr -is:retweet"
x,1961507140230942809,2025-08-29T19:11:59.000Z,@bbcherry001 Spotify c‚Äôest injouable trahis pas la Honda,fr,1490304437080006657,Nabilvalar,N üåä,0,0,1,0,1961505808459698622,"(Honda OR ""Honda Moto"" OR ""Honda France"" OR ""Honda Moto France"" OR Transalp OR ""Africa Twin"" OR CB500X) lang:fr -is:retweet"
x,1961495912884171235,2025-08-29T18:27:23.000Z,"@TehoraDutenu Je pige pas le tweet l√† ‚Ä¶  Magny cours 2025 c‚Äôest la semaine prochaine, et elle roule en Honda cette saison je crois. Du coup c‚Äôest sa premi√®re victoire en SSP300 avec Kawazaki en 2017 √ßa non ??",fr,348463144,BsRodeo09,BsRodeo9Ô∏è‚É£,1,0,1,0,1961492545277411515,"(Honda OR ""Honda Moto"" OR ""Honda France"" OR ""Honda Moto France"" OR Transalp OR ""Africa Twin"" OR CB500X) lang:fr -is:retweet"
x,1961491266882933205,2025-08-29T18:08:55.000Z,@DaggashAutos Distress Honda Accord  2013  In mint condition  At Abuja  Price:12m https://t.co/KuuIXd84kY,fr,1147838715387174914,Noblecutz,Indigenous,1,0,0,0,1961420077464502777,"(Honda OR ""Honda Moto"" OR ""Honda France"" OR ""Honda Moto France"" OR Transalp OR ""Africa Twin"" OR CB500X) lang:fr -is:retweet"
x,1961483813810327944,2025-08-29T17:39:18.000Z,"@NHoonited Je ne comprends ce que Honda fait encore en Europe. Comme Mitsubishi. Leurs voitures sont ultra-fades et leurs prix c‚Äôest n‚Äôimporte quoi. 50K‚Ç¨ prix de base en Hev pour √ßa, ou 58 en PHEV ! C‚Äôest les prix d‚Äôun BMW X1 autrement sup√©rieur. Et un Austral HEV 200ch Techno c‚Äôest 43K‚Ç¨",fr,3295628734,Cyril_Granite,Cyril,1,0,1,0,1960371375744434270,"(Honda OR ""Honda Moto"" OR ""Honda France"" OR ""Honda Moto France"" OR Transalp OR ""Africa Twin"" OR CB500X) lang:fr -is:retweet"
x,1961479973073559932,2025-08-29T17:24:02.000Z,C‚Äôest une rumeur mais si √ßa se fait on est bien d‚Äôaccord qu‚Äôil faut que les ventes Honda en France en 2026 soit de Z√âRO PUTAIN DE MACHINE DE MERDE !!! https://t.co/B7eJm5w34N,fr,1771970216634839040,Broop_Bs,Broop_bsrodeo09,1,0,0,1,1961479973073559932,"(Honda OR ""Honda Moto"" OR ""Honda France"" OR ""Honda Moto France"" OR Transalp OR ""Africa Twin"" OR CB500X) lang:fr -is:retweet"
x,1961466125557940518,2025-08-29T16:29:01.000Z,@haassaanvv La Honda est magnifique üî•,fr,1321388071158513664,nekafandar,L√´ M√£n≈çüá®üá≤üá¨üá≥,1,0,0,0,1961418187829899446,"(Honda OR ""Honda Moto"" OR ""Honda France"" OR ""Honda Moto France"" OR Transalp OR ""Africa Twin"" OR CB500X) lang:fr -is:retweet"
x,1961454114132439108,2025-08-29T15:41:17.000Z,üö®üö®‚ú®‚ú®DU NOUVEAU‚ú®‚ú®üö® ACURA 2014‚ÄºÔ∏èEN LOCATION CHEZ NOUDYandCO üö®  üåê[Voir le v√©hicule sur notre site](https://t.co/UyAPZ9ydMA) üöó D√©tails du v√©hicule : ‚Ä¢ Marque : HONDA ‚Ä¢ Mod√®le : ACURA ‚Ä¢ Type : SUV (V√©hicule utilitaire sport) ‚Ä¢ Carburant :  Essence... https://t.co/AS7jMH8TF9,fr,1940404575107743745,NOUDYandCO,NOUDYandCO,0,0,0,0,1961454114132439108,"(Honda OR ""Honda Moto"" OR ""Honda France"" OR ""Honda Moto France"" OR Transalp OR ""Africa Twin"" OR CB500X) lang:fr -is:retweet"
x,1961449642589135156,2025-08-29T15:23:31.000Z,"@leclair76 Un salaire coup√© de 20%, plus une baisse d'heures travaill√©es de 40 √† 35 hres. Moi aussi une petite Honda Civic √† 15% d int√©r√™t.üôÑ",fr,858291188,LBrindAmour,L Brind'Amour,0,0,0,0,1961225859907379548,"(Honda OR ""Honda Moto"" OR ""Honda France"" OR ""Honda Moto France"" OR Transalp OR ""Africa Twin"" OR CB500X) lang:fr -is:retweet"
x,1961436523544424550,2025-08-29T14:31:23.000Z,En plus il a chang√© de moteur mdrrr Honda,fr,1251197149565587456,SettelJr,Dylan‚Äôüáµüá∏üá™üá∏,1,0,1,0,1961436523544424550,"(Honda OR ""Honda Moto"" OR ""Honda France"" OR ""Honda Moto France"" OR Transalp OR ""Africa Twin"" OR CB500X) lang:fr -is:retweet"
x,1961431179238019281,2025-08-29T14:10:09.000Z,"@eevann_nave J‚Äôaime trop les expressions de Sakura dans se combat a√©rien qui change un peu, t‚Äôfacon les films Naruto sont trop cool visuellement. Regarde la sc√®ne de Takeshi Honda du m√™me film elle est sublime si tu connais pas",fr,1742255435380342784,Shin_Goda,Goda üçâ,1,0,1,0,1961426796701778245,"(Honda OR ""Honda Moto"" OR ""Honda France"" OR ""Honda Moto France"" OR Transalp OR ""Africa Twin"" OR CB500X) lang:fr -is:retweet"
x,1961419614270747003,2025-08-29T13:24:12.000Z,@Sobarian01 c'est pas un anime c'est une cover d'un compositeur (Tenioha) et la chanteuse c'est Honda,fr,1685042868149252096,Kisuke_Rka,Liyah,1,0,1,0,1961415865695367591,"(Honda OR ""Honda Moto"" OR ""Honda France"" OR ""Honda Moto France"" OR Transalp OR ""Africa Twin"" OR CB500X) lang:fr -is:retweet"
x,1961399623680971133,2025-08-29T12:04:45.000Z,Myst√®re Honda: deux coup√©s intrigants r√©v√©l√©s‚Ä¶ üöó https://t.co/7amaANaDoN,fr,108902844,AutoJournalMag,AutoJournalMag,0,0,0,0,1961399623680971133,"(Honda OR ""Honda Moto"" OR ""Honda France"" OR ""Honda Moto France"" OR Transalp OR ""Africa Twin"" OR CB500X) lang:fr -is:retweet"
x,1961390431398178991,2025-08-29T11:28:14.000Z,@MotoetGPaddict Impossible!!! Sinon ca serait une insulte.  Si c'est vrai. Faut boycotter Honda en France!!,fr,508804879,valvert_david,The Joker French,0,0,1,0,1961337447142343111,"(Honda OR ""Honda Moto"" OR ""Honda France"" OR ""Honda Moto France"" OR Transalp OR ""Africa Twin"" OR CB500X) lang:fr -is:retweet"
x,1961388988511473759,2025-08-29T11:22:30.000Z,"Bonjour Jumca mubarak ,  Je suis livreur ind√©pendant √† Djibouti. ‚úÖ Rapide ‚úÖ Fiable ‚úÖ Disponible üì¶ Nouvelle moto Honda pour un meilleur service. üìû Contactez-moi : +253 77 25 87 22 #Livraison #Djibouti",fr,1553187251726815234,Alhousseinie201,Zema Zema,46,11,3,1,1961388988511473759,"(Honda OR ""Honda Moto"" OR ""Honda France"" OR ""Honda Moto France"" OR Transalp OR ""Africa Twin"" OR CB500X) lang:fr -is:retweet"
x,1961387463764541926,2025-08-29T11:16:26.000Z,@CanalplusMotoGP Malheureusement  il y a Alberto puig  qui ne veux pas de zarco. Puig fait pression sur honda car ii leur loue ses locaux a honda superbike en Espagne . Le mieux est de rester chez lcr et de leur mettre une d√©culott√©e tous les weekend de grand prix .  Courage Johann üëç,fr,1870513066716147712,anistorum,pied carr√©,0,0,0,0,1958558160391692755,"(Honda OR ""Honda Moto"" OR ""Honda France"" OR ""Honda Moto France"" OR Transalp OR ""Africa Twin"" OR CB500X) lang:fr -is:retweet"
x,1961381652443115931,2025-08-29T10:53:21.000Z,"@Djay9582 @MotoetGPaddict Apr√®s c est Puig qui est rancunier alors que c est laurent Felon qui a mal g√©r√©, mais aussi il y a l age et aussi le c√¥t√© trop gaulois qui refroidis Honda,mais ils veulent le garder chez lcr donc pour moi c est l https://t.co/dAlag2FImG les pi√®ces vont arriver",fr,2794345148,VERNERE_RR,VERNERE.RR,0,0,0,0,1961337447142343111,"(Honda OR ""Honda Moto"" OR ""Honda France"" OR ""Honda Moto France"" OR Transalp OR ""Africa Twin"" OR CB500X) lang:fr -is:retweet"
x,1961379835999109236,2025-08-29T10:46:08.000Z,@PatriceRoyTJ @ici_trozzo Plusieurs conduisent leur poids lourds comme une Honda civic.,fr,822779259903213568,HanzOglivson,Hanz Oglivson,0,0,0,0,1961203161709842761,"(Honda OR ""Honda Moto"" OR ""Honda France"" OR ""Honda Moto France"" OR Transalp OR ""Africa Twin"" OR CB500X) lang:fr -is:retweet"
x,1961378863818183102,2025-08-29T10:42:16.000Z,arr√™tez de trahir la honda wlh,fr,1925616910231617536,sextape2hehe,Sextape2hehe,0,0,1,0,1961378863818183102,"(Honda OR ""Honda Moto"" OR ""Honda France"" OR ""Honda Moto France"" OR Transalp OR ""Africa Twin"" OR CB500X) lang:fr -is:retweet"
x,1961371253786193993,2025-08-29T10:12:02.000Z,on pr√©pare un carter moteur central de Honda CM 125 T üì¶üèç‚úÖÔ∏è Pi√®ces dispo sur https://t.co/CUZk6pPs0y üëà  #125cc #honda125 #hondacb #twin https://t.co/j1HCZS3lBX,fr,1858484453808668672,LatelierVincent,L'atelier de Vincent,0,0,0,0,1961371253786193993,"(Honda OR ""Honda Moto"" OR ""Honda France"" OR ""Honda Moto France"" OR Transalp OR ""Africa Twin"" OR CB500X) lang:fr -is:retweet"
x,1961370558752530434,2025-08-29T10:09:16.000Z,@skuluvaffaire Pour eux t'a trahi la honda l√†,fr,1733885265171697664,ShenZhenSoze,3rbi tarte o felfel,3,0,0,0,1961352702375412047,"(Honda OR ""Honda Moto"" OR ""Honda France"" OR ""Honda Moto France"" OR Transalp OR ""Africa Twin"" OR CB500X) lang:fr -is:retweet"
x,1961368068434887045,2025-08-29T09:59:22.000Z,@MotoetGPaddict Moi j'ai entendu Oliveira chez Bmw avec Petrucci en Wsbk üòÅ. Autre rumeur sur la presse anglaise alors Zarco sur la honda Wsbk pour remplacer Lecuona ah grosse blague je pense.,fr,299870252,Feraillus,Led‚ù§Ô∏èüá≤üá´,0,0,0,0,1961337447142343111,"(Honda OR ""Honda Moto"" OR ""Honda France"" OR ""Honda Moto France"" OR Transalp OR ""Africa Twin"" OR CB500X) lang:fr -is:retweet"
x,1961367870337855980,2025-08-29T09:58:35.000Z,@Arkunir Une Honda CBR1000RR-R Fireblade SP 30th pour ne pas √™tre en retard en cours stp  Sinon jme contenterai d'une 650R jfais pas le difficile üòÇ https://t.co/OYPWSCDTeA,fr,1153980984469139456,shineki_,Shineki_ üíß,4,0,0,1,1961089462319862271,"(Honda OR ""Honda Moto"" OR ""Honda France"" OR ""Honda Moto France"" OR Transalp OR ""Africa Twin"" OR CB500X) lang:fr -is:retweet"
x,1961362727886098686,2025-08-29T09:38:09.000Z,"Alain Prost (McLaren MP4/4 Honda), second position, 1988 Belgian GP (Spa-Francorchamps) https://t.co/pWbo23lemd",fr,1877843821964517376,races39862,Races From the Past,0,0,0,0,1961362727886098686,"(Honda OR ""Honda Moto"" OR ""Honda France"" OR ""Honda Moto France"" OR Transalp OR ""Africa Twin"" OR CB500X) lang:fr -is:retweet"
x,1961360899878404593,2025-08-29T09:30:53.000Z,Le speech de Jonouchi et Honda dans le tome 4 Je fais une photo pour avoir les dialogues en fran√ßais car √ßa participe √©norm√©ment a me faire aimer Jonouchi et Honda https://t.co/VrG8ikN1D4,fr,324895299,Namineeyes,Raiponce,2,0,0,0,1961360899878404593,"(Honda OR ""Honda Moto"" OR ""Honda France"" OR ""Honda Moto France"" OR Transalp OR ""Africa Twin"" OR CB500X) lang:fr -is:retweet"
x,1961360803015114962,2025-08-29T09:30:30.000Z,"Luca Marini pense que Diogo Moreira est un ""bon pilote"" et que la Honda est assez facile √† apprendre.",fr,1520796721781084160,MotoGPFeeds,MotoGPFeeds,1,0,0,0,1961360803015114962,"(Honda OR ""Honda Moto"" OR ""Honda France"" OR ""Honda Moto France"" OR Transalp OR ""Africa Twin"" OR CB500X) lang:fr -is:retweet"
x,1961353383190593725,2025-08-29T09:01:01.000Z,@MotoetGPaddict l'info si on peux appeler √ßa une info vient de Msports qui semble √™tre un site g√©n√©r√© par IA et tous les sites l'ont repris comme √©tant v√©ridique https://t.co/e7wt7mlw6D,fr,72006898,Gui77aume,guIAume henri,1,0,1,0,1961337447142343111,"(Honda OR ""Honda Moto"" OR ""Honda France"" OR ""Honda Moto France"" OR Transalp OR ""Africa Twin"" OR CB500X) lang:fr -is:retweet"
x,1961346401549394369,2025-08-29T08:33:16.000Z,@CarPicsNow Lexus and honda,fr,1052371522159951872,impsk1,Keerthiv,0,0,0,0,1960803510552772617,"(Honda OR ""Honda Moto"" OR ""Honda France"" OR ""Honda Moto France"" OR Transalp OR ""Africa Twin"" OR CB500X) lang:fr -is:retweet"
x,1961343625612394503,2025-08-29T08:22:15.000Z,@Texmex83053286 @powl_d Oui c‚Äôest ind√©cent et illogique je suis √† 92‚Ç¨ pour une ds3 crossback diesel et 70 pour une Honda civic type r et j‚Äôai des r√©ductions!Je cherche √† changer de compagnie d‚Äôassurance pour ma ds3 m√™me mon assureur trouve que c‚Äôest cher mais il ne peut pas faire mieux ü§î,fr,3291568479,amelie_ameliiie,lilouilleeeee,1,0,1,0,1961105592086356106,"(Honda OR ""Honda Moto"" OR ""Honda France"" OR ""Honda Moto France"" OR Transalp OR ""Africa Twin"" OR CB500X) lang:fr -is:retweet"
x,1961343054746358154,2025-08-29T08:19:58.000Z,"Par contre le son du moteur de la Honda Ace 110 ! Je ne sais pas si l'humain peut faire mieux, c'est tellement jouissif",fr,1482364355802976262,malefaka_doux,Malefaka Doux,0,0,0,0,1961343054746358154,"(Honda OR ""Honda Moto"" OR ""Honda France"" OR ""Honda Moto France"" OR Transalp OR ""Africa Twin"" OR CB500X) lang:fr -is:retweet"
x,1961342811594445237,2025-08-29T08:19:00.000Z,Le meilleur pilote de ta marque. Le seul vainqueur de la saison sur ta moto. Zarco est un homme hors du commun. ‚ù§Ô∏è  MotoGP 2026 : douche froide pour Johann Zarco ? Honda brouille les cartes en le voyant sur sa CBRR en WSBK - Paddock GP https://t.co/9Xax6fPCEw,fr,1195138538,LVSbe77,Louise von Salom√©,0,0,0,0,1961342811594445237,"(Honda OR ""Honda Moto"" OR ""Honda France"" OR ""Honda Moto France"" OR Transalp OR ""Africa Twin"" OR CB500X) lang:fr -is:retweet"
x,1961341908778619365,2025-08-29T08:15:25.000Z,"Le constructeur automobile public chinois #Dongfeng se retire de sa co-entreprise avec #Honda, qui avait √©t√© cr√©√©e en 1998 pour fabriquer des moteurs thermiques destin√©s au march√© chinois. C'est la participation de 50 % qui est annonc√©e √† la vente. https://t.co/tXaN3dEK6D",fr,1629748914,jtchoufang,T Tchoufang J. - Nkw√≤n Ngwui Mvƒõ,0,0,0,0,1961341908778619365,"(Honda OR ""Honda Moto"" OR ""Honda France"" OR ""Honda Moto France"" OR Transalp OR ""Africa Twin"" OR CB500X) lang:fr -is:retweet"
x,1961338017957720254,2025-08-29T07:59:58.000Z,@MotoetGPaddict Il faut avouer que son traitement par Honda interroge de plus en plus,fr,996441301011828737,Djay9582,Jay,4,0,1,0,1961337447142343111,"(Honda OR ""Honda Moto"" OR ""Honda France"" OR ""Honda Moto France"" OR Transalp OR ""Africa Twin"" OR CB500X) lang:fr -is:retweet"
x,1961337447142343111,2025-08-29T07:57:41.000Z,"J‚Äôai lu l‚Äôarticle Caradisiac sur la possibilit√© de voir Zarco remplac√© par Oliveira et finir en WorldSBK chez Honda. J‚Äôy crois mais alors pas du tout‚Ä¶ mais si √ßa arrive, je pars d√©finitivement vivre dans un bunker en Ard√®che avec 1500 bo√Ætes de raviolis.",fr,1101356178,MotoetGPaddict,Moto&GPaddict,231,2,18,0,1961337447142343111,"(Honda OR ""Honda Moto"" OR ""Honda France"" OR ""Honda Moto France"" OR Transalp OR ""Africa Twin"" OR CB500X) lang:fr -is:retweet"
x,1961337296948535760,2025-08-29T07:57:06.000Z,https://t.co/viLxB2Uglw Ou la triste r√©alit√© quand on est un fran√ßais face √† un espagnol ou un italien en motogp.,fr,2208454354,FrenchinMotoGP,French in Moto GP,1,0,0,0,1961337296948535760,"(Honda OR ""Honda Moto"" OR ""Honda France"" OR ""Honda Moto France"" OR Transalp OR ""Africa Twin"" OR CB500X) lang:fr -is:retweet"
x,1961336725998797311,2025-08-29T07:54:50.000Z,"@leblogauto @BoitierRouge @Alexchaispotrop @Montbernon @mr_Quincampoix J'aime ton relativisme ! Bon typiquement chez nous on a eu un Touran TDi 140 injecteurs pompe, hormis un peu de conso d'huile, √ßa allait ! Ya eu des soucis TSi / DSG7 .. l√† j'ai revu Honda 1.0 L3, et 3.5 V6 ü§™ Les 2.0d BMW .. ya eu pas mal de casseroles quand m√™me.",fr,583043965,Nonodrivr,Arnaud Lescure,3,0,1,0,1961025572483514515,"(Honda OR ""Honda Moto"" OR ""Honda France"" OR ""Honda Moto France"" OR Transalp OR ""Africa Twin"" OR CB500X) lang:fr -is:retweet"
x,1961331075516399733,2025-08-29T07:32:22.000Z,@Mac_Avov @Le_Figaro @MarcTouati Attention aux produits hors UE qui sont fabriqu√©s en Ue! Usine coca en UE    usines KIA  HONDA  Toyota etc.. en UE ! La guerre en Ukraine    ce sont des armes que l Ukraine  re√ßoit  qui font vivre les usines fran√ßaises et qui vu leur efficacit√©  ont procur√© des tas de contrats!,fr,1805983267444981760,Phil99873,Philippe Burton,1,0,1,0,1961063847785074842,"(Honda OR ""Honda Moto"" OR ""Honda France"" OR ""Honda Moto France"" OR Transalp OR ""Africa Twin"" OR CB500X) lang:fr -is:retweet"
x,1961319281917829558,2025-08-29T06:45:31.000Z,J'ai cru ct honda qui annon√ßait un crf 1000 az jss d√©√ßu https://t.co/lvQLm2r2kA,fr,1578854504472215553,Sami_1656,S,3,1,0,0,1961319281917829558,"(Honda OR ""Honda Moto"" OR ""Honda France"" OR ""Honda Moto France"" OR Transalp OR ""Africa Twin"" OR CB500X) lang:fr -is:retweet"
x,1961294236491387386,2025-08-29T05:05:59.000Z,250829 ICN  ENFANTS RICHES D√âPRIM√âS - Phyps Honda Motorcycle - Prada - Boucheron - Timberland   #JENO #Ï†úÎÖ∏ #NCTÏ†úÎÖ∏ https://t.co/DxXlJQU3n4,fr,1779717915316789248,jjjjen0423,jenjenjenjen | JENO STYLE/FASHION,307,183,0,5,1961294236491387386,"(Honda OR ""Honda Moto"" OR ""Honda France"" OR ""Honda Moto France"" OR Transalp OR ""Africa Twin"" OR CB500X) lang:fr -is:retweet"
x,1961290463589155325,2025-08-29T04:51:00.000Z,JSP Honda   #JSPhonda #Honda #HondaTwoWheelers #HondaBikes #Activa #Honda_bike #hondamotorcycles #bike  #CSDSales https://t.co/DwqmdE1ttu,fr,1275415876540395520,honda_jsp,jsp honda,0,0,0,0,1961290463589155325,"(Honda OR ""Honda Moto"" OR ""Honda France"" OR ""Honda Moto France"" OR Transalp OR ""Africa Twin"" OR CB500X) lang:fr -is:retweet"
x,1961285710188601513,2025-08-29T04:32:06.000Z,"MotoGP, Luca Marini rejette le mod√®le du pilote n¬∞1 chez Honda https://t.co/V2BfREzcuF https://t.co/Q1mTeS1z7p",fr,4865343766,Paddock_GP,Paddock-GP,2,0,0,0,1961285710188601513,"(Honda OR ""Honda Moto"" OR ""Honda France"" OR ""Honda Moto France"" OR Transalp OR ""Africa Twin"" OR CB500X) lang:fr -is:retweet"
x,1961272596630310932,2025-08-29T03:40:00.000Z,Ju770  iAuto  Honda Crv (RD7) Tail lamp¬†(R L) ‚¨áÔ∏èContact Us‚¨áÔ∏è üìû 6016 358 2534 (Shen Hui) / 6019 668 9791 (Office) üì≤ https://t.co/0qQDuwdhGX üì≤ https://t.co/O336HEeSXg https://t.co/NmIsrIF1ag,fr,1929806470188879877,BigwiseCapital,Bigwise Capital Sdn Bhd,1,0,0,0,1961272596630310932,"(Honda OR ""Honda Moto"" OR ""Honda France"" OR ""Honda Moto France"" OR Transalp OR ""Africa Twin"" OR CB500X) lang:fr -is:retweet"
x,1961270082971340948,2025-08-29T03:30:01.000Z,Ju770  iAuto  Honda Civic (ES)  A C heater control¬†panel ‚¨áÔ∏èContact Us‚¨áÔ∏è üìû 6016 358 2534 (Shen Hui) / 6019 668 9791 (Office) üì≤ https://t.co/0qQDuwdhGX üì≤ https://t.co/O336HEeSXg https://t.co/f1oOAdm6xo,fr,1929806470188879877,BigwiseCapital,Bigwise Capital Sdn Bhd,1,0,0,0,1961270082971340948,"(Honda OR ""Honda Moto"" OR ""Honda France"" OR ""Honda Moto France"" OR Transalp OR ""Africa Twin"" OR CB500X) lang:fr -is:retweet"
x,1961267029949763715,2025-08-29T03:17:53.000Z,"Nous apprenons le d√©c√®s du seiy≈´ Takaya Hashi qui interpr√©tait le r√¥le du capitaine de la 2e brigade, Gustaf Honda.  Nos pens√©es vont √† ses proches et √† sa famille.  Merci √† lui et L√ÅTUMüôè https://t.co/x8ZJjOn2Nh https://t.co/MWCaG4UOpg",fr,951185438814998529,Shobotai08,Sh≈çb≈çtai08,19,4,0,0,1961267029949763715,"(Honda OR ""Honda Moto"" OR ""Honda France"" OR ""Honda Moto France"" OR Transalp OR ""Africa Twin"" OR CB500X) lang:fr -is:retweet"
x,1961262844990591420,2025-08-29T03:01:15.000Z,@Layanival CB500X et second choix  MT-03,fr,1042640844614983680,LiquidSteel97,Borys,0,0,0,0,1961150941144527169,"(Honda OR ""Honda Moto"" OR ""Honda France"" OR ""Honda Moto France"" OR Transalp OR ""Africa Twin"" OR CB500X) lang:fr -is:retweet"
x,1961262533173453243,2025-08-29T03:00:01.000Z,Ju770  iAuto  Honda Civic (ES) Speedometer ‚¨áÔ∏èContact Us‚¨áÔ∏è üìû 6016 358 2534 (Shen Hui) / 6019 668 9791 (Office) üì≤ https://t.co/0qQDuwcJRp üì≤ https://t.co/O336HEel7I https://t.co/OonI7VaMid,fr,1929806470188879877,BigwiseCapital,Bigwise Capital Sdn Bhd,1,0,0,0,1961262533173453243,"(Honda OR ""Honda Moto"" OR ""Honda France"" OR ""Honda Moto France"" OR Transalp OR ""Africa Twin"" OR CB500X) lang:fr -is:retweet"
x,1961224637662040125,2025-08-29T00:29:26.000Z,@Arkunir Cc en BTS m√©canique moto il nous faudra une Suzuki GSXR1000 et aussi une Africa Twin des ann√©es 90 merci,fr,1570474802846076929,MoustiquePasFou,Moustique Fou,1,0,0,0,1961089462319862271,"(Honda OR ""Honda Moto"" OR ""Honda France"" OR ""Honda Moto France"" OR Transalp OR ""Africa Twin"" OR CB500X) lang:fr -is:retweet"
x,1961224582745952697,2025-08-29T00:29:12.000Z,@hoonited √Ä ce niveau je pr√©f√®rerais une Honda,fr,1093756862774812672,78120Jerome,J√©r√¥me_78120 üè≥Ô∏è‚Äçüåà,0,0,0,0,1961176294076641628,"(Honda OR ""Honda Moto"" OR ""Honda France"" OR ""Honda Moto France"" OR Transalp OR ""Africa Twin"" OR CB500X) lang:fr -is:retweet"
x,1961221563690127592,2025-08-29T00:17:13.000Z,je lache rien avec ma HONDA https://t.co/8gLvOcgNlx,fr,1642229427915423744,Jose_HALGARD76,Jos√© HALGARD üáµüáπ üá´üá∑,0,0,0,0,1961221563690127592,"(Honda OR ""Honda Moto"" OR ""Honda France"" OR ""Honda Moto France"" OR Transalp OR ""Africa Twin"" OR CB500X) lang:fr -is:retweet"
x,1961206975380804063,2025-08-28T23:19:15.000Z,@Herver_Karate69 Moi sa fait quasi 2 ans que Nathalie ses barrer avec Victor mon ex voisin et les gosses Victor j'ai toujours ta tondeuse Honda sale fdp,fr,1913598276600815616,Sheogorath82688,Sheogorath,20,0,0,0,1961191231775457357,"(Honda OR ""Honda Moto"" OR ""Honda France"" OR ""Honda Moto France"" OR Transalp OR ""Africa Twin"" OR CB500X) lang:fr -is:retweet"
x,1961206931927822385,2025-08-28T23:19:04.000Z,"@Jacquesjazz45 tu as donc vu ""Honda"" et ""Toyota"" üò≠",fr,79054804,basruel,Sebastien Ruel,0,0,1,0,1961205473203687648,"(Honda OR ""Honda Moto"" OR ""Honda France"" OR ""Honda Moto France"" OR Transalp OR ""Africa Twin"" OR CB500X) lang:fr -is:retweet"
x,1961200084894298419,2025-08-28T22:51:52.000Z,"@the_southner @KareemfanWSR @AlpineF1Team √áa change rien au fait qu‚Äô√† l‚Äô√©poque Honda aussi √©tait largu√© et que Mclaren s‚Äôen servait comme excuse pour expliquer tous ses maux pr√©tendant que leur ch√¢ssis √©tait au top, mais tout le monde savait que c'√©tait faux, c'est pareil pour alpine aujourd'hui.",fr,635741655,1ertigre,1er tigre,1,0,0,0,1960076426205347972,"(Honda OR ""Honda Moto"" OR ""Honda France"" OR ""Honda Moto France"" OR Transalp OR ""Africa Twin"" OR CB500X) lang:fr -is:retweet"
x,1961192506864898508,2025-08-28T22:21:45.000Z,"Je pr√©cise que de cet album fait, h√©berg√©s √† l'auberge des Adrets,  j'en ai toujours la photo de la Honda rouge de son manager que ma copine a rachet√©e et celle de Dave, une Harley turquoise.",fr,2445382880,LASKASANDY,LASKA SANDY DAWN ALEX PASCALE PADLO ALPHA. A.,0,0,0,0,1961188984584872166,"(Honda OR ""Honda Moto"" OR ""Honda France"" OR ""Honda Moto France"" OR Transalp OR ""Africa Twin"" OR CB500X) lang:fr -is:retweet"
x,1961186517227073592,2025-08-28T21:57:57.000Z,oh merde voil√† la honda oddysey,fr,1248060199321112578,lemiintendo,lem ‚òÜ,1,0,1,0,1961186517227073592,"(Honda OR ""Honda Moto"" OR ""Honda France"" OR ""Honda Moto France"" OR Transalp OR ""Africa Twin"" OR CB500X) lang:fr -is:retweet"
x,1961171665934770222,2025-08-28T20:58:56.000Z,@Phantom681 Logique il a trahi la honda,fr,918816247986507777,gala_gala__,ùïæùñöùñìùï∂ùñäùñìùïΩùñîùñàùñê,0,0,0,0,1961167913668563023,"(Honda OR ""Honda Moto"" OR ""Honda France"" OR ""Honda Moto France"" OR Transalp OR ""Africa Twin"" OR CB500X) lang:fr -is:retweet"
x,1961169383528526253,2025-08-28T20:49:52.000Z,@Paddock_GP C'est d√©gueulasse de lui faire √ßa ! Si la Honda est de nouveau a ce niveau c'est en partie gr√¢ce √† lui .,fr,2188692750,DiegoPoisson,Poisson,1,0,1,0,1961096957721501991,"(Honda OR ""Honda Moto"" OR ""Honda France"" OR ""Honda Moto France"" OR Transalp OR ""Africa Twin"" OR CB500X) lang:fr -is:retweet"
x,1961167978646446129,2025-08-28T20:44:17.000Z,"@GrohiikVah Pour le moment je vais essayer de trouver une voiture pour remplacer ma logan actuel qui montre pas mal de pb, je pense prendre toyota (hybride ou non) genre prius, ou bien honda civic 1ere gen hybride (mon reve avoir la honda civic X type R fk8 mais encore trop cher pour moi)",fr,1387781310589120512,tuveukoitwa270,Danao,0,0,1,0,1961092548119711852,"(Honda OR ""Honda Moto"" OR ""Honda France"" OR ""Honda Moto France"" OR Transalp OR ""Africa Twin"" OR CB500X) lang:fr -is:retweet"
x,1961166683001032973,2025-08-28T20:39:08.000Z,@1ertigre @KareemfanWSR @AlpineF1Team Honda a d√©pens√© sans compter pour developper son moteur. Chose que n‚Äôa jamais faite Viry. Ensuite Taffin a mis √©norm√©ment de temps pour accepter pour passer a une architecture √† turbo s√©par√©. Il a fallu attendre 2021 pour voir ce moteur √™tre introduit. 2014-2022 (8 ans).,fr,1654825333516845060,the_southner,Mateo,0,0,2,0,1960076426205347972,"(Honda OR ""Honda Moto"" OR ""Honda France"" OR ""Honda Moto France"" OR Transalp OR ""Africa Twin"" OR CB500X) lang:fr -is:retweet"
x,1961157420626923987,2025-08-28T20:02:20.000Z,@murattosunMSE Honda Civic Elegance+ yada Toyota Corolla Cross Passion,fr,1666037342614831110,Roberto_Hongo9,Roberto Hongo Jr,0,0,0,0,1961142254946644203,"(Honda OR ""Honda Moto"" OR ""Honda France"" OR ""Honda Moto France"" OR Transalp OR ""Africa Twin"" OR CB500X) lang:fr -is:retweet"
x,1961155548046356492,2025-08-28T19:54:53.000Z,@goldorak1777 @Paddock_GP Je croyais qu‚Äôil avait choisi Honda justement car il avait deux ans de contrat Moto GP avec eux ?,fr,1465398459918426115,laurent_lis,Laurent LIS,0,0,0,0,1961096957721501991,"(Honda OR ""Honda Moto"" OR ""Honda France"" OR ""Honda Moto France"" OR Transalp OR ""Africa Twin"" OR CB500X) lang:fr -is:retweet"
x,1961155459177480551,2025-08-28T19:54:32.000Z,@edeensb tu trahi la honda j‚Äôai capt√©,fr,1222654034143825920,AkaashiiiG,ùòºùô†ùôñ‚Äô üá¨üáµüíô,1,0,1,0,1960994680167911556,"(Honda OR ""Honda Moto"" OR ""Honda France"" OR ""Honda Moto France"" OR Transalp OR ""Africa Twin"" OR CB500X) lang:fr -is:retweet"
x,1961147199024206216,2025-08-28T19:21:43.000Z,@caspeupas Des Acuras aussi. C'est une catastrophe $$$ pour Honda...,fr,3091822983,sgauthi,◊°◊ô◊ô◊û◊ï◊ü,2,0,1,0,1961132954257588636,"(Honda OR ""Honda Moto"" OR ""Honda France"" OR ""Honda Moto France"" OR Transalp OR ""Africa Twin"" OR CB500X) lang:fr -is:retweet"
x,1961141702296469830,2025-08-28T18:59:52.000Z,Honda Civic 2025 veut pas sortir de ma t√™te  Pourtant voiture ne me dit rien de base https://t.co/s3WJQ3WnPl,fr,902637798854991874,erickeuuh,BIG B–ØK üëÅÔ∏è,1,0,0,1,1961141702296469830,"(Honda OR ""Honda Moto"" OR ""Honda France"" OR ""Honda Moto France"" OR Transalp OR ""Africa Twin"" OR CB500X) lang:fr -is:retweet"
