platform,date,mentions
google_reviews,2017-07-29,3
google_reviews,2017-08-25,3
google_reviews,2018-04-26,1
google_reviews,2018-07-12,1
google_reviews,2018-08-30,1
google_reviews,2018-11-10,3
google_reviews,2019-04-11,2
google_reviews,2019-06-01,1
google_reviews,2019-06-11,1
google_reviews,2019-06-26,3
google_reviews,2019-11-14,2
google_reviews,2020-03-24,1
google_reviews,2020-07-11,3
google_reviews,2020-09-11,3
google_reviews,2021-01-02,1
google_reviews,2022-04-30,1
google_reviews,2022-05-02,1
google_reviews,2022-09-03,1
google_reviews,2022-09-08,1
google_reviews,2022-09-22,1
google_reviews,2022-10-06,1
google_reviews,2022-10-12,1
google_reviews,2022-10-18,1
google_reviews,2022-12-01,1
google_reviews,2023-01-14,1
google_reviews,2023-02-24,1
google_reviews,2023-03-26,1
google_reviews,2023-04-18,1
google_reviews,2023-07-13,2
google_reviews,2023-07-14,1
google_reviews,2023-07-22,1
google_reviews,2023-07-26,1
google_reviews,2023-08-03,1
google_reviews,2023-09-12,1
google_reviews,2023-09-27,1
google_reviews,2023-10-26,1
google_reviews,2023-11-19,1
google_reviews,2023-12-04,1
google_reviews,2024-01-27,1
google_reviews,2024-02-10,1
google_reviews,2024-03-02,2
google_reviews,2024-03-27,1
google_reviews,2024-04-01,5
google_reviews,2024-04-07,1
google_reviews,2024-04-10,1
google_reviews,2024-04-15,1
google_reviews,2024-04-23,1
google_reviews,2024-05-16,1
google_reviews,2024-05-17,1
google_reviews,2024-06-21,1
google_reviews,2024-06-27,1
google_reviews,2024-07-04,3
google_reviews,2024-07-20,1
google_reviews,2024-07-29,1
google_reviews,2024-08-02,1
google_reviews,2024-08-03,1
google_reviews,2024-08-12,3
google_reviews,2024-08-15,1
google_reviews,2024-08-28,1
google_reviews,2024-09-04,1
google_reviews,2024-09-08,1
google_reviews,2024-09-10,2
google_reviews,2024-09-25,1
google_reviews,2024-09-27,2
google_reviews,2024-10-05,3
google_reviews,2024-10-06,4
google_reviews,2024-11-04,5
google_reviews,2024-11-07,1
google_reviews,2024-11-23,1
google_reviews,2024-11-24,1
google_reviews,2024-12-01,3
google_reviews,2024-12-19,3
google_reviews,2024-12-23,1
google_reviews,2024-12-24,1
google_reviews,2025-01-04,1
google_reviews,2025-01-07,1
google_reviews,2025-01-10,3
google_reviews,2025-01-12,2
google_reviews,2025-01-16,3
google_reviews,2025-01-24,4
google_reviews,2025-02-01,1
google_reviews,2025-02-04,2
google_reviews,2025-02-07,1
google_reviews,2025-02-11,1
google_reviews,2025-02-12,2
google_reviews,2025-02-14,1
google_reviews,2025-02-16,1
google_reviews,2025-02-17,2
google_reviews,2025-02-19,1
google_reviews,2025-02-21,2
google_reviews,2025-02-22,5
google_reviews,2025-02-24,1
google_reviews,2025-03-02,3
google_reviews,2025-03-05,1
google_reviews,2025-03-06,1
google_reviews,2025-03-07,4
google_reviews,2025-03-10,3
google_reviews,2025-03-11,1
google_reviews,2025-03-12,3
google_reviews,2025-03-13,3
google_reviews,2025-03-15,2
google_reviews,2025-03-17,4
google_reviews,2025-03-18,1
google_reviews,2025-03-19,5
google_reviews,2025-03-20,3
google_reviews,2025-03-21,3
google_reviews,2025-03-22,2
google_reviews,2025-03-23,4
google_reviews,2025-03-25,3
google_reviews,2025-03-27,6
google_reviews,2025-03-29,5
google_reviews,2025-03-31,1
google_reviews,2025-04-01,4
google_reviews,2025-04-02,6
google_reviews,2025-04-03,7
google_reviews,2025-04-04,3
google_reviews,2025-04-05,4
google_reviews,2025-04-06,5
google_reviews,2025-04-08,2
google_reviews,2025-04-09,3
google_reviews,2025-04-11,4
google_reviews,2025-04-12,1
google_reviews,2025-04-13,1
google_reviews,2025-04-15,5
google_reviews,2025-04-16,8
google_reviews,2025-04-17,2
google_reviews,2025-04-19,6
google_reviews,2025-04-20,2
google_reviews,2025-04-22,5
google_reviews,2025-04-23,12
google_reviews,2025-04-24,5
google_reviews,2025-04-25,6
google_reviews,2025-04-27,3
google_reviews,2025-04-28,3
google_reviews,2025-04-29,2
google_reviews,2025-04-30,2
google_reviews,2025-05-01,6
google_reviews,2025-05-02,4
google_reviews,2025-05-03,4
google_reviews,2025-05-04,5
google_reviews,2025-05-05,4
google_reviews,2025-05-06,3
google_reviews,2025-05-07,4
google_reviews,2025-05-09,2
google_reviews,2025-05-10,1
google_reviews,2025-05-11,1
google_reviews,2025-05-12,3
google_reviews,2025-05-13,2
google_reviews,2025-05-14,6
google_reviews,2025-05-15,6
google_reviews,2025-05-16,3
google_reviews,2025-05-17,5
google_reviews,2025-05-18,6
google_reviews,2025-05-19,2
google_reviews,2025-05-20,4
google_reviews,2025-05-21,2
google_reviews,2025-05-22,6
google_reviews,2025-05-23,2
google_reviews,2025-05-24,1
google_reviews,2025-05-25,6
google_reviews,2025-05-26,6
google_reviews,2025-05-27,1
google_reviews,2025-05-31,1
google_reviews,2025-06-02,5
google_reviews,2025-06-03,2
google_reviews,2025-06-04,5
google_reviews,2025-06-05,3
google_reviews,2025-06-06,1
google_reviews,2025-06-07,4
google_reviews,2025-06-08,3
google_reviews,2025-06-09,2
google_reviews,2025-06-10,5
google_reviews,2025-06-11,3
google_reviews,2025-06-12,1
google_reviews,2025-06-13,5
google_reviews,2025-06-14,2
google_reviews,2025-06-15,2
google_reviews,2025-06-16,2
google_reviews,2025-06-17,8
google_reviews,2025-06-18,10
google_reviews,2025-06-19,4
google_reviews,2025-06-20,10
google_reviews,2025-06-21,8
google_reviews,2025-06-23,5
google_reviews,2025-06-24,1
google_reviews,2025-06-25,4
google_reviews,2025-06-26,8
google_reviews,2025-06-27,7
google_reviews,2025-06-28,3
google_reviews,2025-06-29,2
google_reviews,2025-06-30,7
google_reviews,2025-07-01,10
google_reviews,2025-07-02,6
google_reviews,2025-07-03,5
google_reviews,2025-07-04,18
google_reviews,2025-07-05,7
google_reviews,2025-07-06,2
google_reviews,2025-07-07,1
google_reviews,2025-07-08,7
google_reviews,2025-07-09,6
google_reviews,2025-07-10,2
google_reviews,2025-07-11,10
google_reviews,2025-07-12,6
google_reviews,2025-07-13,3
google_reviews,2025-07-15,9
google_reviews,2025-07-16,11
google_reviews,2025-07-17,7
google_reviews,2025-07-18,6
google_reviews,2025-07-19,9
google_reviews,2025-07-20,3
google_reviews,2025-07-21,4
google_reviews,2025-07-22,11
google_reviews,2025-07-23,4
google_reviews,2025-07-24,13
google_reviews,2025-07-25,9
google_reviews,2025-07-26,7
google_reviews,2025-07-27,7
google_reviews,2025-07-28,6
google_reviews,2025-07-29,9
google_reviews,2025-07-30,8
google_reviews,2025-07-31,6
google_reviews,2025-08-01,3
google_reviews,2025-08-02,12
google_reviews,2025-08-03,10
google_reviews,2025-08-04,4
google_reviews,2025-08-05,4
google_reviews,2025-08-06,8
google_reviews,2025-08-08,4
google_reviews,2025-08-09,12
google_reviews,2025-08-10,4
google_reviews,2025-08-11,2
google_reviews,2025-08-12,12
google_reviews,2025-08-13,4
google_reviews,2025-08-14,8
google_reviews,2025-08-15,4
google_reviews,2025-08-16,12
google_reviews,2025-08-17,4
google_reviews,2025-08-18,6
google_reviews,2025-08-19,5
google_reviews,2025-08-20,3
google_reviews,2025-08-21,9
google_reviews,2025-08-22,14
google_reviews,2025-08-23,14
google_reviews,2025-08-24,4
google_reviews,2025-08-25,1
google_reviews,2025-08-26,3
instagram,2013-06-28,1
instagram,2013-07-13,1
instagram,2013-08-09,1
instagram,2013-09-03,1
instagram,2014-02-23,1
instagram,2014-04-28,1
instagram,2014-08-29,1
instagram,2014-10-15,1
instagram,2015-04-04,1
instagram,2015-04-08,1
instagram,2015-04-11,1
instagram,2015-05-07,1
instagram,2015-05-09,1
instagram,2015-06-13,1
instagram,2015-07-01,1
instagram,2015-07-09,1
instagram,2015-07-31,1
instagram,2015-08-15,1
instagram,2015-10-07,1
instagram,2015-10-16,1
instagram,2015-11-11,1
instagram,2015-11-22,1
instagram,2015-12-01,1
instagram,2015-12-27,1
instagram,2016-01-03,1
instagram,2016-01-04,1
instagram,2016-01-06,1
instagram,2016-01-13,1
instagram,2016-01-24,1
instagram,2016-02-03,1
instagram,2016-02-09,1
instagram,2016-02-23,1
instagram,2016-02-26,1
instagram,2016-03-03,1
instagram,2016-03-21,3
instagram,2016-03-27,1
instagram,2016-05-02,2
instagram,2016-06-14,1
instagram,2016-07-09,1
instagram,2016-07-23,1
instagram,2016-08-05,1
instagram,2016-08-13,1
instagram,2016-08-16,1
instagram,2016-08-21,1
instagram,2016-08-23,1
instagram,2016-08-26,1
instagram,2016-08-28,1
instagram,2016-08-31,1
instagram,2016-09-02,1
instagram,2016-09-03,2
instagram,2016-09-04,4
instagram,2016-09-05,1
instagram,2016-09-07,1
instagram,2016-09-08,1
instagram,2016-09-09,1
instagram,2016-09-10,2
instagram,2016-09-11,1
instagram,2016-09-12,1
instagram,2016-09-14,2
instagram,2016-09-16,1
instagram,2016-09-18,1
instagram,2016-09-19,1
instagram,2016-09-22,1
instagram,2016-09-25,1
instagram,2016-09-27,2
instagram,2016-09-30,3
instagram,2016-10-01,1
instagram,2016-10-05,1
instagram,2016-10-07,2
instagram,2016-10-08,7
instagram,2016-10-11,2
instagram,2016-10-19,2
instagram,2016-10-24,1
instagram,2016-10-25,1
instagram,2016-11-07,1
instagram,2016-11-11,1
instagram,2016-11-12,1
instagram,2016-11-13,1
instagram,2016-11-18,1
instagram,2016-11-19,2
instagram,2016-11-30,1
instagram,2016-12-03,1
instagram,2016-12-05,3
instagram,2016-12-16,1
instagram,2016-12-18,1
instagram,2016-12-28,1
instagram,2016-12-30,1
instagram,2017-01-24,1
instagram,2017-01-27,1
instagram,2017-02-25,1
instagram,2017-02-26,2
instagram,2017-03-08,1
instagram,2017-03-09,1
instagram,2017-03-11,1
instagram,2017-03-12,1
instagram,2017-03-15,1
instagram,2017-03-28,2
instagram,2017-03-29,3
instagram,2017-03-30,1
instagram,2017-03-31,1
instagram,2017-04-01,1
instagram,2017-04-03,3
instagram,2017-04-05,2
instagram,2017-04-06,1
instagram,2017-04-07,1
instagram,2017-04-09,1
instagram,2017-04-17,1
instagram,2017-04-20,1
instagram,2017-04-26,2
instagram,2017-04-30,1
instagram,2017-05-01,3
instagram,2017-05-21,1
instagram,2017-05-24,1
instagram,2017-05-27,1
instagram,2017-05-28,1
instagram,2017-05-30,1
instagram,2017-06-02,1
instagram,2017-06-06,1
instagram,2017-06-08,1
instagram,2017-06-13,1
instagram,2017-06-19,1
instagram,2017-06-22,1
instagram,2017-06-26,1
instagram,2017-06-27,1
instagram,2017-07-01,1
instagram,2017-07-06,1
instagram,2017-07-10,1
instagram,2017-07-14,1
instagram,2017-07-15,1
instagram,2017-07-16,1
instagram,2017-07-23,1
instagram,2017-07-27,1
instagram,2017-08-02,1
instagram,2017-08-10,1
instagram,2017-08-16,1
instagram,2017-08-22,1
instagram,2017-08-23,1
instagram,2017-08-28,2
instagram,2017-08-29,1
instagram,2017-08-30,1
instagram,2017-09-01,1
instagram,2017-09-02,1
instagram,2017-09-03,3
instagram,2017-09-04,2
instagram,2017-09-05,2
instagram,2017-09-06,1
instagram,2017-09-07,2
instagram,2017-09-08,1
instagram,2017-09-09,3
instagram,2017-09-10,1
instagram,2017-09-11,1
instagram,2017-09-13,1
instagram,2017-09-15,1
instagram,2017-09-18,1
instagram,2017-09-19,1
instagram,2017-09-22,1
instagram,2017-09-25,1
instagram,2017-09-27,1
instagram,2017-10-03,1
instagram,2017-10-04,1
instagram,2017-10-08,1
instagram,2017-10-09,1
instagram,2017-10-11,1
instagram,2017-10-12,1
instagram,2017-10-22,1
instagram,2017-10-23,1
instagram,2017-10-31,2
instagram,2017-11-02,1
instagram,2017-11-04,1
instagram,2017-11-05,3
instagram,2017-11-07,1
instagram,2017-11-11,1
instagram,2017-11-13,1
instagram,2017-11-15,1
instagram,2017-11-16,1
instagram,2017-11-17,1
instagram,2017-11-18,1
instagram,2017-11-21,1
instagram,2017-11-22,1
instagram,2017-11-25,1
instagram,2017-11-27,2
instagram,2017-12-02,1
instagram,2017-12-03,1
instagram,2017-12-10,1
instagram,2017-12-11,1
instagram,2017-12-12,1
instagram,2017-12-13,2
instagram,2017-12-15,1
instagram,2017-12-21,2
instagram,2017-12-26,1
instagram,2017-12-29,1
instagram,2017-12-30,3
instagram,2017-12-31,1
instagram,2018-01-04,1
instagram,2018-01-08,2
instagram,2018-01-14,4
instagram,2018-01-15,3
instagram,2018-01-18,1
instagram,2018-01-19,3
instagram,2018-01-22,1
instagram,2018-01-23,1
instagram,2018-01-24,1
instagram,2018-01-26,1
instagram,2018-01-28,2
instagram,2018-01-31,2
instagram,2018-02-08,1
instagram,2018-02-09,1
instagram,2018-02-11,2
instagram,2018-02-12,1
instagram,2018-02-17,1
instagram,2018-02-18,1
instagram,2018-02-19,1
instagram,2018-02-24,1
instagram,2018-02-26,3
instagram,2018-03-02,1
instagram,2018-03-04,1
instagram,2018-03-07,1
instagram,2018-03-08,2
instagram,2018-03-09,1
instagram,2018-03-10,1
instagram,2018-03-11,2
instagram,2018-03-12,1
instagram,2018-03-14,1
instagram,2018-03-18,1
instagram,2018-03-24,1
instagram,2018-03-26,3
instagram,2018-03-27,1
instagram,2018-03-28,1
instagram,2018-03-29,2
instagram,2018-03-30,2
instagram,2018-03-31,1
instagram,2018-04-01,1
instagram,2018-04-02,1
instagram,2018-04-03,2
instagram,2018-04-13,1
instagram,2018-04-22,3
instagram,2018-04-25,1
instagram,2018-04-27,1
instagram,2018-04-29,1
instagram,2018-05-01,1
instagram,2018-05-06,1
instagram,2018-05-09,1
instagram,2018-05-10,2
instagram,2018-05-11,1
instagram,2018-05-15,1
instagram,2018-05-20,1
instagram,2018-05-24,1
instagram,2018-05-25,1
instagram,2018-05-27,1
instagram,2018-06-08,1
instagram,2018-06-09,2
instagram,2018-06-11,1
instagram,2018-06-17,1
instagram,2018-06-18,2
instagram,2018-06-23,1
instagram,2018-06-24,1
instagram,2018-06-25,1
instagram,2018-06-27,1
instagram,2018-06-30,1
instagram,2018-07-01,1
instagram,2018-07-02,2
instagram,2018-07-04,3
instagram,2018-07-06,1
instagram,2018-07-11,1
instagram,2018-07-13,2
instagram,2018-07-14,1
instagram,2018-07-15,2
instagram,2018-07-16,2
instagram,2018-07-17,2
instagram,2018-07-18,1
instagram,2018-07-19,3
instagram,2018-07-20,1
instagram,2018-07-21,3
instagram,2018-07-22,2
instagram,2018-07-25,2
instagram,2018-07-27,1
instagram,2018-07-29,2
instagram,2018-07-30,3
instagram,2018-08-02,2
instagram,2018-08-03,5
instagram,2018-08-05,1
instagram,2018-08-12,1
instagram,2018-08-13,5
instagram,2018-08-14,1
instagram,2018-08-15,1
instagram,2018-08-16,1
instagram,2018-08-17,2
instagram,2018-08-18,1
instagram,2018-08-19,2
instagram,2018-08-20,1
instagram,2018-08-21,1
instagram,2018-08-23,2
instagram,2018-08-24,1
instagram,2018-08-26,2
instagram,2018-08-27,2
instagram,2018-08-29,1
instagram,2018-08-30,1
instagram,2018-09-01,3
instagram,2018-09-02,1
instagram,2018-09-03,3
instagram,2018-09-04,2
instagram,2018-09-05,1
instagram,2018-09-07,3
instagram,2018-09-08,2
instagram,2018-09-09,2
instagram,2018-09-10,5
instagram,2018-09-11,3
instagram,2018-09-13,4
instagram,2018-09-14,2
instagram,2018-09-15,2
instagram,2018-09-16,1
instagram,2018-09-21,3
instagram,2018-09-22,2
instagram,2018-09-23,5
instagram,2018-09-24,4
instagram,2018-09-25,1
instagram,2018-09-26,3
instagram,2018-09-27,3
instagram,2018-09-28,1
instagram,2018-09-29,2
instagram,2018-09-30,2
instagram,2018-10-02,2
instagram,2018-10-03,2
instagram,2018-10-04,5
instagram,2018-10-05,1
instagram,2018-10-08,2
instagram,2018-10-09,1
instagram,2018-10-11,2
instagram,2018-10-13,2
instagram,2018-10-14,1
instagram,2018-10-15,3
instagram,2018-10-16,3
instagram,2018-10-17,2
instagram,2018-10-19,1
instagram,2018-10-20,2
instagram,2018-10-23,1
instagram,2018-10-24,1
instagram,2018-10-26,1
instagram,2018-10-27,2
instagram,2018-10-28,1
instagram,2018-11-01,2
instagram,2018-11-02,1
instagram,2018-11-06,1
instagram,2018-11-09,1
instagram,2018-11-10,1
instagram,2018-11-11,1
instagram,2018-11-12,1
instagram,2018-11-15,2
instagram,2018-11-16,2
instagram,2018-11-17,3
instagram,2018-11-18,1
instagram,2018-11-19,4
instagram,2018-11-20,1
instagram,2018-11-21,2
instagram,2018-11-22,1
instagram,2018-11-24,2
instagram,2018-11-25,2
instagram,2018-11-27,1
instagram,2018-11-28,1
instagram,2018-11-29,1
instagram,2018-11-30,1
instagram,2018-12-01,3
instagram,2018-12-03,1
instagram,2018-12-04,2
instagram,2018-12-05,1
instagram,2018-12-06,2
instagram,2018-12-08,1
instagram,2018-12-09,2
instagram,2018-12-11,1
instagram,2018-12-13,1
instagram,2018-12-15,1
instagram,2018-12-16,1
instagram,2018-12-17,1
instagram,2018-12-27,1
instagram,2018-12-28,1
instagram,2018-12-29,1
instagram,2018-12-30,2
instagram,2019-01-02,2
instagram,2019-01-03,1
instagram,2019-01-04,2
instagram,2019-01-05,1
instagram,2019-01-09,2
instagram,2019-01-12,1
instagram,2019-01-13,1
instagram,2019-01-14,1
instagram,2019-01-15,2
instagram,2019-01-18,1
instagram,2019-01-22,1
instagram,2019-01-24,1
instagram,2019-01-25,2
instagram,2019-01-27,1
instagram,2019-02-03,1
instagram,2019-02-04,2
instagram,2019-02-06,1
instagram,2019-02-11,1
instagram,2019-02-13,2
instagram,2019-02-14,1
instagram,2019-02-17,2
instagram,2019-02-19,1
instagram,2019-02-21,1
instagram,2019-02-22,1
instagram,2019-02-23,1
instagram,2019-02-26,1
instagram,2019-02-28,1
instagram,2019-03-03,3
instagram,2019-03-05,1
instagram,2019-03-06,2
instagram,2019-03-07,2
instagram,2019-03-08,1
instagram,2019-03-09,1
instagram,2019-03-10,1
instagram,2019-03-11,1
instagram,2019-03-13,1
instagram,2019-03-14,1
instagram,2019-03-15,2
instagram,2019-03-20,2
instagram,2019-03-21,1
instagram,2019-03-23,1
instagram,2019-03-24,3
instagram,2019-03-25,1
instagram,2019-03-26,1
instagram,2019-03-29,2
instagram,2019-03-30,2
instagram,2019-04-01,2
instagram,2019-04-05,1
instagram,2019-04-06,1
instagram,2019-04-09,2
instagram,2019-04-11,3
instagram,2019-04-13,1
instagram,2019-04-21,1
instagram,2019-04-22,1
instagram,2019-04-27,1
instagram,2019-04-29,1
instagram,2019-05-06,1
instagram,2019-05-07,1
instagram,2019-05-09,1
instagram,2019-05-12,2
instagram,2019-05-14,1
instagram,2019-05-16,1
instagram,2019-05-17,1
instagram,2019-05-20,3
instagram,2019-05-23,1
instagram,2019-05-27,2
instagram,2019-05-28,1
instagram,2019-06-01,1
instagram,2019-06-02,1
instagram,2019-06-03,1
instagram,2019-06-04,1
instagram,2019-06-05,1
instagram,2019-06-09,1
instagram,2019-06-10,1
instagram,2019-06-11,4
instagram,2019-06-14,1
instagram,2019-06-16,1
instagram,2019-06-17,2
instagram,2019-06-19,1
instagram,2019-06-20,1
instagram,2019-06-25,1
instagram,2019-06-28,2
instagram,2019-06-29,1
instagram,2019-06-30,1
instagram,2019-07-01,1
instagram,2019-07-02,1
instagram,2019-07-04,1
instagram,2019-07-06,1
instagram,2019-07-07,2
instagram,2019-07-08,1
instagram,2019-07-10,1
instagram,2019-07-11,1
instagram,2019-07-12,2
instagram,2019-07-13,1
instagram,2019-07-14,2
instagram,2019-07-15,1
instagram,2019-07-17,1
instagram,2019-07-18,1
instagram,2019-07-21,2
instagram,2019-07-22,1
instagram,2019-07-26,1
instagram,2019-07-28,2
instagram,2019-07-29,1
instagram,2019-07-30,2
instagram,2019-07-31,1
instagram,2019-08-01,2
instagram,2019-08-02,1
instagram,2019-08-04,1
instagram,2019-08-05,2
instagram,2019-08-06,4
instagram,2019-08-07,1
instagram,2019-08-08,2
instagram,2019-08-09,1
instagram,2019-08-10,1
instagram,2019-08-11,1
instagram,2019-08-12,1
instagram,2019-08-13,1
instagram,2019-08-14,1
instagram,2019-08-18,1
instagram,2019-08-22,1
instagram,2019-08-23,1
instagram,2019-08-25,2
instagram,2019-08-26,4
instagram,2019-08-27,2
instagram,2019-08-28,1
instagram,2019-08-30,1
instagram,2019-08-31,2
instagram,2019-09-01,5
instagram,2019-09-02,1
instagram,2019-09-03,2
instagram,2019-09-04,1
instagram,2019-09-05,1
instagram,2019-09-06,1
instagram,2019-09-07,5
instagram,2019-09-08,2
instagram,2019-09-09,4
instagram,2019-09-12,2
instagram,2019-09-13,3
instagram,2019-09-14,3
instagram,2019-09-15,2
instagram,2019-09-17,1
instagram,2019-09-18,1
instagram,2019-09-20,1
instagram,2019-09-21,1
instagram,2019-09-23,2
instagram,2019-09-24,3
instagram,2019-09-27,2
instagram,2019-09-28,1
instagram,2019-09-29,1
instagram,2019-09-30,1
instagram,2019-10-03,2
instagram,2019-10-05,2
instagram,2019-10-06,2
instagram,2019-10-07,1
instagram,2019-10-08,3
instagram,2019-10-10,1
instagram,2019-10-13,2
instagram,2019-10-14,2
instagram,2019-10-15,1
instagram,2019-10-16,1
instagram,2019-10-17,1
instagram,2019-10-19,2
instagram,2019-10-20,4
instagram,2019-10-21,1
instagram,2019-10-22,3
instagram,2019-10-23,2
instagram,2019-10-24,2
instagram,2019-10-25,1
instagram,2019-10-27,1
instagram,2019-10-28,3
instagram,2019-10-29,2
instagram,2019-10-30,1
instagram,2019-10-31,1
instagram,2019-11-03,2
instagram,2019-11-04,1
instagram,2019-11-05,3
instagram,2019-11-08,2
instagram,2019-11-09,1
instagram,2019-11-10,2
instagram,2019-11-11,1
instagram,2019-11-12,1
instagram,2019-11-13,1
instagram,2019-11-14,2
instagram,2019-11-15,1
instagram,2019-11-17,1
instagram,2019-11-18,2
instagram,2019-11-19,2
instagram,2019-11-20,2
instagram,2019-11-21,2
instagram,2019-11-23,1
instagram,2019-11-24,2
instagram,2019-11-26,1
instagram,2019-11-29,2
instagram,2019-12-01,1
instagram,2019-12-02,1
instagram,2019-12-03,1
instagram,2019-12-04,1
instagram,2019-12-11,1
instagram,2019-12-12,1
instagram,2019-12-13,2
instagram,2019-12-14,2
instagram,2019-12-15,1
instagram,2019-12-16,1
instagram,2019-12-19,1
instagram,2019-12-20,2
instagram,2019-12-21,1
instagram,2019-12-22,1
instagram,2019-12-23,4
instagram,2019-12-24,4
instagram,2019-12-25,1
instagram,2019-12-27,1
instagram,2019-12-28,3
instagram,2019-12-29,1
instagram,2019-12-30,1
instagram,2019-12-31,2
instagram,2020-01-02,1
instagram,2020-01-03,2
instagram,2020-01-05,1
instagram,2020-01-06,1
instagram,2020-01-07,2
instagram,2020-01-08,6
instagram,2020-01-09,4
instagram,2020-01-10,1
instagram,2020-01-11,1
instagram,2020-01-12,1
instagram,2020-01-14,1
instagram,2020-01-15,2
instagram,2020-01-19,3
instagram,2020-01-20,1
instagram,2020-01-21,1
instagram,2020-01-24,2
instagram,2020-01-28,1
instagram,2020-01-29,1
instagram,2020-01-30,2
instagram,2020-01-31,2
instagram,2020-02-01,1
instagram,2020-02-02,1
instagram,2020-02-03,3
instagram,2020-02-04,1
instagram,2020-02-05,1
instagram,2020-02-08,2
instagram,2020-02-09,2
instagram,2020-02-11,1
instagram,2020-02-12,1
instagram,2020-02-13,2
instagram,2020-02-14,1
instagram,2020-02-15,2
instagram,2020-02-17,1
instagram,2020-02-22,2
instagram,2020-03-02,2
instagram,2020-03-03,1
instagram,2020-03-04,1
instagram,2020-03-05,3
instagram,2020-03-06,4
instagram,2020-03-07,1
instagram,2020-03-08,1
instagram,2020-03-10,1
instagram,2020-03-13,1
instagram,2020-03-17,2
instagram,2020-03-18,1
instagram,2020-03-20,1
instagram,2020-03-21,1
instagram,2020-03-24,1
instagram,2020-03-25,2
instagram,2020-03-30,1
instagram,2020-03-31,1
instagram,2020-04-02,1
instagram,2020-04-04,1
instagram,2020-04-05,3
instagram,2020-04-07,1
instagram,2020-04-08,2
instagram,2020-04-09,2
instagram,2020-04-10,1
instagram,2020-04-11,1
instagram,2020-04-12,1
instagram,2020-04-13,1
instagram,2020-04-15,4
instagram,2020-04-18,4
instagram,2020-04-19,1
instagram,2020-04-21,2
instagram,2020-04-23,2
instagram,2020-04-24,2
instagram,2020-04-25,2
instagram,2020-04-26,1
instagram,2020-04-28,2
instagram,2020-04-30,1
instagram,2020-05-03,1
instagram,2020-05-05,1
instagram,2020-05-06,1
instagram,2020-05-08,1
instagram,2020-05-11,1
instagram,2020-05-13,1
instagram,2020-05-15,3
instagram,2020-05-16,2
instagram,2020-05-17,2
instagram,2020-05-18,1
instagram,2020-05-21,1
instagram,2020-05-22,2
instagram,2020-05-23,2
instagram,2020-05-25,2
instagram,2020-05-26,1
instagram,2020-05-30,2
instagram,2020-06-01,1
instagram,2020-06-05,2
instagram,2020-06-07,2
instagram,2020-06-09,1
instagram,2020-06-10,1
instagram,2020-06-11,1
instagram,2020-06-12,4
instagram,2020-06-14,2
instagram,2020-06-15,2
instagram,2020-06-17,1
instagram,2020-06-18,1
instagram,2020-06-20,1
instagram,2020-06-21,2
instagram,2020-06-23,2
instagram,2020-06-24,2
instagram,2020-06-26,1
instagram,2020-06-27,1
instagram,2020-06-28,2
instagram,2020-06-29,1
instagram,2020-07-01,2
instagram,2020-07-03,3
instagram,2020-07-05,3
instagram,2020-07-07,1
instagram,2020-07-08,1
instagram,2020-07-09,1
instagram,2020-07-18,1
instagram,2020-07-20,1
instagram,2020-07-22,2
instagram,2020-07-23,3
instagram,2020-07-26,1
instagram,2020-07-27,1
instagram,2020-07-28,1
instagram,2020-07-29,2
instagram,2020-07-30,1
instagram,2020-07-31,1
instagram,2020-08-01,1
instagram,2020-08-02,1
instagram,2020-08-03,4
instagram,2020-08-04,2
instagram,2020-08-05,1
instagram,2020-08-06,1
instagram,2020-08-07,4
instagram,2020-08-08,1
instagram,2020-08-11,2
instagram,2020-08-12,4
instagram,2020-08-13,1
instagram,2020-08-14,1
instagram,2020-08-15,1
instagram,2020-08-16,2
instagram,2020-08-18,3
instagram,2020-08-21,3
instagram,2020-08-22,1
instagram,2020-08-23,1
instagram,2020-08-24,1
instagram,2020-08-25,1
instagram,2020-08-29,1
instagram,2020-08-30,2
instagram,2020-09-01,1
instagram,2020-09-02,1
instagram,2020-09-03,2
instagram,2020-09-04,1
instagram,2020-09-06,2
instagram,2020-09-07,2
instagram,2020-09-08,1
instagram,2020-09-09,4
instagram,2020-09-10,1
instagram,2020-09-11,2
instagram,2020-09-13,1
instagram,2020-09-15,2
instagram,2020-09-16,1
instagram,2020-09-17,1
instagram,2020-09-18,1
instagram,2020-09-20,1
instagram,2020-09-21,1
instagram,2020-09-22,1
instagram,2020-09-23,1
instagram,2020-09-24,1
instagram,2020-09-26,1
instagram,2020-09-27,3
instagram,2020-09-28,2
instagram,2020-09-29,2
instagram,2020-10-01,1
instagram,2020-10-05,2
instagram,2020-10-07,1
instagram,2020-10-10,2
instagram,2020-10-11,1
instagram,2020-10-12,1
instagram,2020-10-13,1
instagram,2020-10-14,1
instagram,2020-10-15,1
instagram,2020-10-17,1
instagram,2020-10-18,1
instagram,2020-10-21,3
instagram,2020-10-22,1
instagram,2020-10-23,3
instagram,2020-10-24,1
instagram,2020-10-25,1
instagram,2020-10-26,1
instagram,2020-10-28,1
instagram,2020-10-29,1
instagram,2020-10-31,1
instagram,2020-11-01,1
instagram,2020-11-06,2
instagram,2020-11-07,2
instagram,2020-11-08,4
instagram,2020-11-11,2
instagram,2020-11-12,1
instagram,2020-11-13,1
instagram,2020-11-14,1
instagram,2020-11-15,2
instagram,2020-11-16,3
instagram,2020-11-20,1
instagram,2020-11-22,2
instagram,2020-11-26,3
instagram,2020-11-30,1
instagram,2020-12-01,1
instagram,2020-12-05,1
instagram,2020-12-08,1
instagram,2020-12-09,1
instagram,2020-12-13,1
instagram,2020-12-14,2
instagram,2020-12-20,1
instagram,2020-12-22,1
instagram,2020-12-23,1
instagram,2020-12-27,1
instagram,2020-12-28,4
instagram,2020-12-30,3
instagram,2021-01-03,1
instagram,2021-01-04,1
instagram,2021-01-05,1
instagram,2021-01-06,1
instagram,2021-01-07,1
instagram,2021-01-08,1
instagram,2021-01-09,1
instagram,2021-01-11,1
instagram,2021-01-12,1
instagram,2021-01-13,1
instagram,2021-01-17,2
instagram,2021-01-22,2
instagram,2021-01-25,1
instagram,2021-01-26,1
instagram,2021-01-27,2
instagram,2021-01-30,2
instagram,2021-01-31,1
instagram,2021-02-01,1
instagram,2021-02-03,1
instagram,2021-02-04,1
instagram,2021-02-05,1
instagram,2021-02-06,4
instagram,2021-02-07,1
instagram,2021-02-11,1
instagram,2021-02-12,1
instagram,2021-02-15,2
instagram,2021-02-16,2
instagram,2021-02-18,1
instagram,2021-02-20,4
instagram,2021-02-21,1
instagram,2021-02-22,1
instagram,2021-02-23,1
instagram,2021-02-24,2
instagram,2021-02-25,3
instagram,2021-02-26,1
instagram,2021-02-27,4
instagram,2021-02-28,3
instagram,2021-03-01,1
instagram,2021-03-02,2
instagram,2021-03-03,2
instagram,2021-03-05,1
instagram,2021-03-06,1
instagram,2021-03-07,1
instagram,2021-03-10,6
instagram,2021-03-11,1
instagram,2021-03-12,1
instagram,2021-03-13,4
instagram,2021-03-14,3
instagram,2021-03-15,2
instagram,2021-03-16,1
instagram,2021-03-17,1
instagram,2021-03-18,1
instagram,2021-03-19,1
instagram,2021-03-20,2
instagram,2021-03-21,1
instagram,2021-03-24,1
instagram,2021-03-25,1
instagram,2021-03-26,2
instagram,2021-03-29,2
instagram,2021-03-30,5
instagram,2021-03-31,2
instagram,2021-04-01,2
instagram,2021-04-02,2
instagram,2021-04-04,2
instagram,2021-04-05,3
instagram,2021-04-08,1
instagram,2021-04-10,1
instagram,2021-04-11,2
instagram,2021-04-12,3
instagram,2021-04-13,1
instagram,2021-04-15,6
instagram,2021-04-17,4
instagram,2021-04-18,4
instagram,2021-04-19,1
instagram,2021-04-20,1
instagram,2021-04-21,1
instagram,2021-04-22,3
instagram,2021-04-23,2
instagram,2021-04-24,1
instagram,2021-04-25,4
instagram,2021-04-26,3
instagram,2021-04-27,3
instagram,2021-04-28,2
instagram,2021-04-29,1
instagram,2021-04-30,1
instagram,2021-05-01,1
instagram,2021-05-02,2
instagram,2021-05-03,3
instagram,2021-05-04,3
instagram,2021-05-05,2
instagram,2021-05-06,1
instagram,2021-05-08,2
instagram,2021-05-09,4
instagram,2021-05-10,2
instagram,2021-05-11,1
instagram,2021-05-12,1
instagram,2021-05-13,4
instagram,2021-05-15,4
instagram,2021-05-18,1
instagram,2021-05-19,3
instagram,2021-05-20,1
instagram,2021-05-21,1
instagram,2021-05-22,2
instagram,2021-05-23,4
instagram,2021-05-25,1
instagram,2021-05-26,1
instagram,2021-05-27,2
instagram,2021-05-28,2
instagram,2021-05-29,2
instagram,2021-06-02,1
instagram,2021-06-03,2
instagram,2021-06-04,1
instagram,2021-06-05,2
instagram,2021-06-06,1
instagram,2021-06-07,2
instagram,2021-06-09,3
instagram,2021-06-10,1
instagram,2021-06-11,1
instagram,2021-06-12,2
instagram,2021-06-13,2
instagram,2021-06-14,1
instagram,2021-06-15,2
instagram,2021-06-18,1
instagram,2021-06-19,2
instagram,2021-06-20,3
instagram,2021-06-21,2
instagram,2021-06-23,2
instagram,2021-06-24,1
instagram,2021-06-25,1
instagram,2021-06-26,2
instagram,2021-06-27,2
instagram,2021-06-28,1
instagram,2021-06-30,2
instagram,2021-07-01,1
instagram,2021-07-02,1
instagram,2021-07-03,1
instagram,2021-07-04,2
instagram,2021-07-05,3
instagram,2021-07-06,1
instagram,2021-07-07,5
instagram,2021-07-08,3
instagram,2021-07-09,1
instagram,2021-07-10,2
instagram,2021-07-11,1
instagram,2021-07-15,1
instagram,2021-07-16,2
instagram,2021-07-18,1
instagram,2021-07-19,3
instagram,2021-07-22,1
instagram,2021-07-23,1
instagram,2021-07-24,2
instagram,2021-07-25,1
instagram,2021-07-27,3
instagram,2021-07-28,2
instagram,2021-07-30,2
instagram,2021-07-31,1
instagram,2021-08-03,2
instagram,2021-08-04,3
instagram,2021-08-05,1
instagram,2021-08-07,3
instagram,2021-08-09,2
instagram,2021-08-10,1
instagram,2021-08-11,1
instagram,2021-08-12,3
instagram,2021-08-13,3
instagram,2021-08-14,2
instagram,2021-08-16,1
instagram,2021-08-18,2
instagram,2021-08-19,1
instagram,2021-08-21,1
instagram,2021-08-22,1
instagram,2021-08-23,2
instagram,2021-08-25,3
instagram,2021-08-26,1
instagram,2021-08-27,1
instagram,2021-08-28,1
instagram,2021-08-29,2
instagram,2021-08-30,3
instagram,2021-09-01,1
instagram,2021-09-02,3
instagram,2021-09-03,1
instagram,2021-09-04,1
instagram,2021-09-05,3
instagram,2021-09-06,2
instagram,2021-09-07,2
instagram,2021-09-08,4
instagram,2021-09-09,1
instagram,2021-09-10,2
instagram,2021-09-11,1
instagram,2021-09-12,1
instagram,2021-09-13,1
instagram,2021-09-17,2
instagram,2021-09-18,3
instagram,2021-09-19,1
instagram,2021-09-21,1
instagram,2021-09-22,3
instagram,2021-09-23,2
instagram,2021-09-26,1
instagram,2021-09-27,2
instagram,2021-09-28,4
instagram,2021-10-02,1
instagram,2021-10-03,1
instagram,2021-10-04,2
instagram,2021-10-06,2
instagram,2021-10-09,2
instagram,2021-10-11,1
instagram,2021-10-13,3
instagram,2021-10-15,1
instagram,2021-10-18,1
instagram,2021-10-20,1
instagram,2021-10-22,2
instagram,2021-10-23,1
instagram,2021-10-24,5
instagram,2021-10-25,7
instagram,2021-10-26,3
instagram,2021-10-27,4
instagram,2021-10-28,3
instagram,2021-10-29,2
instagram,2021-10-30,3
instagram,2021-11-01,1
instagram,2021-11-06,5
instagram,2021-11-08,4
instagram,2021-11-09,1
instagram,2021-11-13,1
instagram,2021-11-14,1
instagram,2021-11-18,2
instagram,2021-11-19,1
instagram,2021-11-20,1
instagram,2021-11-21,1
instagram,2021-11-22,2
instagram,2021-11-25,1
instagram,2021-11-26,1
instagram,2021-11-27,1
instagram,2021-11-28,1
instagram,2021-11-29,1
instagram,2021-12-01,1
instagram,2021-12-02,1
instagram,2021-12-03,2
instagram,2021-12-04,1
instagram,2021-12-05,1
instagram,2021-12-06,2
instagram,2021-12-08,3
instagram,2021-12-10,2
instagram,2021-12-11,1
instagram,2021-12-12,2
instagram,2021-12-14,2
instagram,2021-12-15,1
instagram,2021-12-19,3
instagram,2021-12-21,1
instagram,2021-12-23,1
instagram,2021-12-24,2
instagram,2021-12-25,2
instagram,2021-12-27,2
instagram,2021-12-28,2
instagram,2021-12-29,2
instagram,2021-12-31,3
instagram,2022-01-01,4
instagram,2022-01-02,1
instagram,2022-01-03,1
instagram,2022-01-05,1
instagram,2022-01-07,1
instagram,2022-01-08,1
instagram,2022-01-09,2
instagram,2022-01-10,1
instagram,2022-01-11,2
instagram,2022-01-12,2
instagram,2022-01-13,1
instagram,2022-01-14,1
instagram,2022-01-15,4
instagram,2022-01-17,2
instagram,2022-01-18,3
instagram,2022-01-19,1
instagram,2022-01-22,2
instagram,2022-01-23,4
instagram,2022-01-24,1
instagram,2022-01-25,1
instagram,2022-01-26,2
instagram,2022-01-27,4
instagram,2022-01-28,3
instagram,2022-01-29,1
instagram,2022-01-30,2
instagram,2022-01-31,2
instagram,2022-02-01,1
instagram,2022-02-02,1
instagram,2022-02-03,6
instagram,2022-02-04,1
instagram,2022-02-05,1
instagram,2022-02-08,3
instagram,2022-02-09,1
instagram,2022-02-10,1
instagram,2022-02-12,1
instagram,2022-02-13,4
instagram,2022-02-14,2
instagram,2022-02-16,1
instagram,2022-02-17,1
instagram,2022-02-18,1
instagram,2022-02-19,2
instagram,2022-02-21,1
instagram,2022-02-22,3
instagram,2022-02-24,2
instagram,2022-02-25,1
instagram,2022-02-26,2
instagram,2022-02-28,1
instagram,2022-03-01,3
instagram,2022-03-02,2
instagram,2022-03-03,2
instagram,2022-03-04,3
instagram,2022-03-05,4
instagram,2022-03-06,4
instagram,2022-03-07,1
instagram,2022-03-08,1
instagram,2022-03-09,1
instagram,2022-03-10,1
instagram,2022-03-11,1
instagram,2022-03-12,1
instagram,2022-03-13,2
instagram,2022-03-16,2
instagram,2022-03-17,1
instagram,2022-03-19,2
instagram,2022-03-20,3
instagram,2022-03-21,1
instagram,2022-03-22,1
instagram,2022-03-23,2
instagram,2022-03-24,3
instagram,2022-03-25,3
instagram,2022-03-26,1
instagram,2022-03-27,3
instagram,2022-03-28,2
instagram,2022-03-29,3
instagram,2022-03-30,1
instagram,2022-03-31,1
instagram,2022-04-02,2
instagram,2022-04-03,2
instagram,2022-04-04,1
instagram,2022-04-05,1
instagram,2022-04-07,1
instagram,2022-04-08,1
instagram,2022-04-09,1
instagram,2022-04-10,4
instagram,2022-04-11,2
instagram,2022-04-12,3
instagram,2022-04-14,1
instagram,2022-04-15,1
instagram,2022-04-16,5
instagram,2022-04-17,4
instagram,2022-04-18,3
instagram,2022-04-19,2
instagram,2022-04-20,1
instagram,2022-04-23,2
instagram,2022-04-25,3
instagram,2022-04-26,3
instagram,2022-04-27,1
instagram,2022-04-28,1
instagram,2022-04-29,3
instagram,2022-04-30,3
instagram,2022-05-01,1
instagram,2022-05-02,3
instagram,2022-05-04,2
instagram,2022-05-05,2
instagram,2022-05-06,1
instagram,2022-05-07,3
instagram,2022-05-08,7
instagram,2022-05-09,4
instagram,2022-05-10,4
instagram,2022-05-11,6
instagram,2022-05-12,4
instagram,2022-05-13,6
instagram,2022-05-14,5
instagram,2022-05-15,2
instagram,2022-05-16,3
instagram,2022-05-17,5
instagram,2022-05-18,3
instagram,2022-05-19,1
instagram,2022-05-21,5
instagram,2022-05-22,2
instagram,2022-05-23,2
instagram,2022-05-24,4
instagram,2022-05-25,2
instagram,2022-05-26,1
instagram,2022-05-27,2
instagram,2022-05-28,1
instagram,2022-05-29,1
instagram,2022-05-30,4
instagram,2022-05-31,1
instagram,2022-06-01,4
instagram,2022-06-03,4
instagram,2022-06-04,2
instagram,2022-06-05,2
instagram,2022-06-06,9
instagram,2022-06-07,2
instagram,2022-06-08,5
instagram,2022-06-09,3
instagram,2022-06-10,6
instagram,2022-06-11,3
instagram,2022-06-12,3
instagram,2022-06-13,1
instagram,2022-06-15,3
instagram,2022-06-16,3
instagram,2022-06-17,5
instagram,2022-06-18,2
instagram,2022-06-19,2
instagram,2022-06-20,2
instagram,2022-06-21,3
instagram,2022-06-23,2
instagram,2022-06-24,5
instagram,2022-06-26,5
instagram,2022-06-27,3
instagram,2022-06-28,3
instagram,2022-06-29,3
instagram,2022-06-30,4
instagram,2022-07-01,5
instagram,2022-07-02,4
instagram,2022-07-03,6
instagram,2022-07-04,3
instagram,2022-07-06,6
instagram,2022-07-07,5
instagram,2022-07-08,3
instagram,2022-07-09,2
instagram,2022-07-10,3
instagram,2022-07-11,1
instagram,2022-07-12,4
instagram,2022-07-13,6
instagram,2022-07-14,4
instagram,2022-07-15,9
instagram,2022-07-16,3
instagram,2022-07-17,2
instagram,2022-07-18,4
instagram,2022-07-19,3
instagram,2022-07-20,1
instagram,2022-07-21,3
instagram,2022-07-22,1
instagram,2022-07-23,1
instagram,2022-07-24,2
instagram,2022-07-25,3
instagram,2022-07-26,3
instagram,2022-07-27,2
instagram,2022-07-28,2
instagram,2022-07-29,2
instagram,2022-07-30,5
instagram,2022-08-01,2
instagram,2022-08-02,1
instagram,2022-08-03,5
instagram,2022-08-04,2
instagram,2022-08-06,2
instagram,2022-08-07,2
instagram,2022-08-08,1
instagram,2022-08-09,1
instagram,2022-08-10,1
instagram,2022-08-11,3
instagram,2022-08-13,1
instagram,2022-08-14,2
instagram,2022-08-15,2
instagram,2022-08-16,3
instagram,2022-08-17,3
instagram,2022-08-18,1
instagram,2022-08-19,1
instagram,2022-08-20,1
instagram,2022-08-21,1
instagram,2022-08-22,3
instagram,2022-08-23,4
instagram,2022-08-24,3
instagram,2022-08-25,1
instagram,2022-08-26,1
instagram,2022-08-27,3
instagram,2022-08-28,2
instagram,2022-08-29,4
instagram,2022-08-30,3
instagram,2022-08-31,4
instagram,2022-09-01,3
instagram,2022-09-02,2
instagram,2022-09-03,1
instagram,2022-09-04,3
instagram,2022-09-05,3
instagram,2022-09-06,1
instagram,2022-09-07,3
instagram,2022-09-08,3
instagram,2022-09-09,2
instagram,2022-09-10,2
instagram,2022-09-11,5
instagram,2022-09-12,5
instagram,2022-09-13,5
instagram,2022-09-14,3
instagram,2022-09-15,2
instagram,2022-09-16,1
instagram,2022-09-17,3
instagram,2022-09-18,5
instagram,2022-09-19,3
instagram,2022-09-20,3
instagram,2022-09-21,2
instagram,2022-09-23,2
instagram,2022-09-24,2
instagram,2022-09-25,4
instagram,2022-09-26,7
instagram,2022-09-27,5
instagram,2022-09-28,1
instagram,2022-10-01,3
instagram,2022-10-02,3
instagram,2022-10-03,2
instagram,2022-10-05,2
instagram,2022-10-06,2
instagram,2022-10-07,1
instagram,2022-10-08,4
instagram,2022-10-09,5
instagram,2022-10-10,3
instagram,2022-10-11,3
instagram,2022-10-12,1
instagram,2022-10-13,3
instagram,2022-10-14,2
instagram,2022-10-15,4
instagram,2022-10-16,2
instagram,2022-10-17,2
instagram,2022-10-18,3
instagram,2022-10-19,3
instagram,2022-10-20,1
instagram,2022-10-23,6
instagram,2022-10-24,2
instagram,2022-10-25,1
instagram,2022-10-26,1
instagram,2022-10-27,1
instagram,2022-10-28,3
instagram,2022-10-29,3
instagram,2022-10-30,3
instagram,2022-11-01,4
instagram,2022-11-02,3
instagram,2022-11-03,2
instagram,2022-11-04,2
instagram,2022-11-05,4
instagram,2022-11-06,4
instagram,2022-11-07,1
instagram,2022-11-08,4
instagram,2022-11-09,1
instagram,2022-11-10,1
instagram,2022-11-11,1
instagram,2022-11-12,5
instagram,2022-11-13,6
instagram,2022-11-14,4
instagram,2022-11-15,2
instagram,2022-11-16,2
instagram,2022-11-17,2
instagram,2022-11-19,4
instagram,2022-11-20,4
instagram,2022-11-21,3
instagram,2022-11-22,3
instagram,2022-11-23,3
instagram,2022-11-25,3
instagram,2022-11-26,4
instagram,2022-11-27,5
instagram,2022-11-28,1
instagram,2022-11-30,2
instagram,2022-12-01,2
instagram,2022-12-04,1
instagram,2022-12-05,3
instagram,2022-12-06,1
instagram,2022-12-07,4
instagram,2022-12-08,4
instagram,2022-12-09,1
instagram,2022-12-10,1
instagram,2022-12-12,2
instagram,2022-12-13,5
instagram,2022-12-14,3
instagram,2022-12-15,3
instagram,2022-12-16,1
instagram,2022-12-17,2
instagram,2022-12-18,2
instagram,2022-12-19,3
instagram,2022-12-20,1
instagram,2022-12-21,1
instagram,2022-12-22,3
instagram,2022-12-24,1
instagram,2022-12-25,1
instagram,2022-12-26,1
instagram,2022-12-27,1
instagram,2022-12-28,3
instagram,2022-12-29,1
instagram,2022-12-30,3
instagram,2022-12-31,5
instagram,2023-01-01,3
instagram,2023-01-02,1
instagram,2023-01-03,1
instagram,2023-01-04,3
instagram,2023-01-05,3
instagram,2023-01-06,1
instagram,2023-01-08,7
instagram,2023-01-09,1
instagram,2023-01-10,3
instagram,2023-01-11,4
instagram,2023-01-12,3
instagram,2023-01-13,1
instagram,2023-01-14,2
instagram,2023-01-15,5
instagram,2023-01-17,5
instagram,2023-01-19,1
instagram,2023-01-20,5
instagram,2023-01-22,3
instagram,2023-01-24,6
instagram,2023-01-25,2
instagram,2023-01-27,6
instagram,2023-01-29,4
instagram,2023-01-30,2
instagram,2023-02-01,3
instagram,2023-02-02,2
instagram,2023-02-03,2
instagram,2023-02-04,1
instagram,2023-02-05,2
instagram,2023-02-06,3
instagram,2023-02-07,2
instagram,2023-02-08,1
instagram,2023-02-09,2
instagram,2023-02-10,3
instagram,2023-02-11,1
instagram,2023-02-12,3
instagram,2023-02-13,3
instagram,2023-02-17,1
instagram,2023-02-18,3
instagram,2023-02-19,2
instagram,2023-02-20,1
instagram,2023-02-21,1
instagram,2023-02-22,2
instagram,2023-02-23,2
instagram,2023-02-24,1
instagram,2023-02-25,1
instagram,2023-02-26,4
instagram,2023-02-27,1
instagram,2023-02-28,3
instagram,2023-03-01,2
instagram,2023-03-02,2
instagram,2023-03-03,4
instagram,2023-03-04,4
instagram,2023-03-05,5
instagram,2023-03-06,4
instagram,2023-03-07,4
instagram,2023-03-08,4
instagram,2023-03-09,2
instagram,2023-03-10,5
instagram,2023-03-11,3
instagram,2023-03-12,3
instagram,2023-03-13,1
instagram,2023-03-14,3
instagram,2023-03-15,5
instagram,2023-03-18,1
instagram,2023-03-19,2
instagram,2023-03-21,2
instagram,2023-03-22,3
instagram,2023-03-23,2
instagram,2023-03-24,4
instagram,2023-03-25,3
instagram,2023-03-26,3
instagram,2023-03-27,2
instagram,2023-03-28,4
instagram,2023-03-29,1
instagram,2023-03-30,1
instagram,2023-03-31,1
instagram,2023-04-01,3
instagram,2023-04-02,5
instagram,2023-04-03,2
instagram,2023-04-04,2
instagram,2023-04-05,1
instagram,2023-04-07,4
instagram,2023-04-08,1
instagram,2023-04-09,4
instagram,2023-04-10,3
instagram,2023-04-11,2
instagram,2023-04-12,1
instagram,2023-04-13,1
instagram,2023-04-14,2
instagram,2023-04-15,3
instagram,2023-04-16,3
instagram,2023-04-17,1
instagram,2023-04-18,2
instagram,2023-04-19,2
instagram,2023-04-21,1
instagram,2023-04-22,1
instagram,2023-04-23,3
instagram,2023-04-24,3
instagram,2023-04-26,5
instagram,2023-04-28,4
instagram,2023-04-29,1
instagram,2023-04-30,3
instagram,2023-05-01,2
instagram,2023-05-02,1
instagram,2023-05-03,2
instagram,2023-05-04,3
instagram,2023-05-05,1
instagram,2023-05-06,4
instagram,2023-05-07,3
instagram,2023-05-08,1
instagram,2023-05-09,2
instagram,2023-05-10,2
instagram,2023-05-11,3
instagram,2023-05-12,5
instagram,2023-05-13,3
instagram,2023-05-14,4
instagram,2023-05-15,4
instagram,2023-05-16,3
instagram,2023-05-17,2
instagram,2023-05-18,2
instagram,2023-05-19,5
instagram,2023-05-20,6
instagram,2023-05-21,4
instagram,2023-05-22,3
instagram,2023-05-23,4
instagram,2023-05-25,3
instagram,2023-05-26,3
instagram,2023-05-27,2
instagram,2023-05-28,4
instagram,2023-05-29,3
instagram,2023-05-30,2
instagram,2023-05-31,3
instagram,2023-06-01,4
instagram,2023-06-02,3
instagram,2023-06-03,1
instagram,2023-06-04,7
instagram,2023-06-05,5
instagram,2023-06-06,6
instagram,2023-06-07,3
instagram,2023-06-08,4
instagram,2023-06-09,5
instagram,2023-06-10,1
instagram,2023-06-11,6
instagram,2023-06-12,1
instagram,2023-06-13,5
instagram,2023-06-14,3
instagram,2023-06-15,4
instagram,2023-06-16,1
instagram,2023-06-17,1
instagram,2023-06-18,1
instagram,2023-06-19,2
instagram,2023-06-20,2
instagram,2023-06-21,4
instagram,2023-06-22,3
instagram,2023-06-23,2
instagram,2023-06-24,1
instagram,2023-06-25,6
instagram,2023-06-26,2
instagram,2023-06-27,5
instagram,2023-06-28,1
instagram,2023-06-29,1
instagram,2023-06-30,3
instagram,2023-07-01,5
instagram,2023-07-02,4
instagram,2023-07-03,6
instagram,2023-07-04,4
instagram,2023-07-05,2
instagram,2023-07-06,1
instagram,2023-07-07,4
instagram,2023-07-08,7
instagram,2023-07-09,6
instagram,2023-07-10,2
instagram,2023-07-11,3
instagram,2023-07-12,3
instagram,2023-07-13,3
instagram,2023-07-14,5
instagram,2023-07-15,1
instagram,2023-07-16,2
instagram,2023-07-17,2
instagram,2023-07-18,4
instagram,2023-07-19,6
instagram,2023-07-21,2
instagram,2023-07-22,2
instagram,2023-07-23,4
instagram,2023-07-24,3
instagram,2023-07-25,2
instagram,2023-07-26,5
instagram,2023-07-27,2
instagram,2023-07-28,3
instagram,2023-07-29,6
instagram,2023-07-30,5
instagram,2023-07-31,4
instagram,2023-08-01,2
instagram,2023-08-02,4
instagram,2023-08-03,1
instagram,2023-08-04,2
instagram,2023-08-05,5
instagram,2023-08-06,4
instagram,2023-08-07,5
instagram,2023-08-08,5
instagram,2023-08-10,2
instagram,2023-08-11,1
instagram,2023-08-12,5
instagram,2023-08-13,7
instagram,2023-08-14,5
instagram,2023-08-15,4
instagram,2023-08-16,1
instagram,2023-08-17,3
instagram,2023-08-18,5
instagram,2023-08-19,2
instagram,2023-08-20,6
instagram,2023-08-21,2
instagram,2023-08-22,5
instagram,2023-08-23,3
instagram,2023-08-24,2
instagram,2023-08-25,5
instagram,2023-08-26,5
instagram,2023-08-28,3
instagram,2023-08-29,2
instagram,2023-08-30,2
instagram,2023-08-31,2
instagram,2023-09-01,2
instagram,2023-09-03,5
instagram,2023-09-04,4
instagram,2023-09-05,1
instagram,2023-09-06,5
instagram,2023-09-07,2
instagram,2023-09-08,2
instagram,2023-09-09,4
instagram,2023-09-10,7
instagram,2023-09-11,13
instagram,2023-09-12,6
instagram,2023-09-13,2
instagram,2023-09-14,4
instagram,2023-09-15,6
instagram,2023-09-16,2
instagram,2023-09-17,5
instagram,2023-09-18,1
instagram,2023-09-19,3
instagram,2023-09-20,6
instagram,2023-09-21,2
instagram,2023-09-23,4
instagram,2023-09-24,4
instagram,2023-09-25,2
instagram,2023-09-26,2
instagram,2023-09-28,3
instagram,2023-09-29,4
instagram,2023-09-30,1
instagram,2023-10-01,8
instagram,2023-10-02,2
instagram,2023-10-03,2
instagram,2023-10-04,3
instagram,2023-10-05,3
instagram,2023-10-06,1
instagram,2023-10-07,3
instagram,2023-10-08,2
instagram,2023-10-09,2
instagram,2023-10-10,2
instagram,2023-10-11,3
instagram,2023-10-12,2
instagram,2023-10-13,4
instagram,2023-10-14,3
instagram,2023-10-15,4
instagram,2023-10-16,8
instagram,2023-10-18,2
instagram,2023-10-19,1
instagram,2023-10-20,3
instagram,2023-10-21,4
instagram,2023-10-22,3
instagram,2023-10-23,1
instagram,2023-10-24,2
instagram,2023-10-25,1
instagram,2023-10-26,2
instagram,2023-10-27,2
instagram,2023-10-28,1
instagram,2023-10-29,1
instagram,2023-10-30,3
instagram,2023-10-31,2
instagram,2023-11-01,4
instagram,2023-11-02,3
instagram,2023-11-03,1
instagram,2023-11-04,4
instagram,2023-11-05,8
instagram,2023-11-06,4
instagram,2023-11-07,4
instagram,2023-11-08,5
instagram,2023-11-09,1
instagram,2023-11-10,1
instagram,2023-11-11,3
instagram,2023-11-12,5
instagram,2023-11-13,3
instagram,2023-11-14,5
instagram,2023-11-15,4
instagram,2023-11-16,1
instagram,2023-11-17,2
instagram,2023-11-18,3
instagram,2023-11-19,3
instagram,2023-11-20,3
instagram,2023-11-21,5
instagram,2023-11-22,1
instagram,2023-11-23,2
instagram,2023-11-24,1
instagram,2023-11-25,6
instagram,2023-11-26,4
instagram,2023-11-27,4
instagram,2023-11-28,3
instagram,2023-11-29,2
instagram,2023-11-30,3
instagram,2023-12-01,2
instagram,2023-12-02,3
instagram,2023-12-03,4
instagram,2023-12-04,4
instagram,2023-12-05,2
instagram,2023-12-07,2
instagram,2023-12-08,3
instagram,2023-12-10,1
instagram,2023-12-11,3
instagram,2023-12-12,4
instagram,2023-12-13,3
instagram,2023-12-14,4
instagram,2023-12-16,5
instagram,2023-12-17,1
instagram,2023-12-18,5
instagram,2023-12-19,1
instagram,2023-12-20,3
instagram,2023-12-21,1
instagram,2023-12-22,5
instagram,2023-12-23,2
instagram,2023-12-24,2
instagram,2023-12-26,1
instagram,2023-12-27,2
instagram,2023-12-28,2
instagram,2023-12-29,4
instagram,2023-12-30,3
instagram,2023-12-31,6
instagram,2024-01-01,4
instagram,2024-01-02,4
instagram,2024-01-03,2
instagram,2024-01-04,4
instagram,2024-01-05,1
instagram,2024-01-06,5
instagram,2024-01-07,6
instagram,2024-01-08,5
instagram,2024-01-09,4
instagram,2024-01-10,1
instagram,2024-01-11,4
instagram,2024-01-12,8
instagram,2024-01-13,6
instagram,2024-01-14,2
instagram,2024-01-15,1
instagram,2024-01-16,1
instagram,2024-01-17,1
instagram,2024-01-18,4
instagram,2024-01-19,3
instagram,2024-01-20,1
instagram,2024-01-21,3
instagram,2024-01-22,4
instagram,2024-01-23,3
instagram,2024-01-24,5
instagram,2024-01-25,5
instagram,2024-01-26,2
instagram,2024-01-27,3
instagram,2024-01-28,7
instagram,2024-01-29,8
instagram,2024-01-30,1
instagram,2024-01-31,2
instagram,2024-02-01,2
instagram,2024-02-02,3
instagram,2024-02-03,10
instagram,2024-02-04,9
instagram,2024-02-05,3
instagram,2024-02-06,4
instagram,2024-02-07,2
instagram,2024-02-08,2
instagram,2024-02-09,2
instagram,2024-02-10,6
instagram,2024-02-11,3
instagram,2024-02-12,1
instagram,2024-02-13,1
instagram,2024-02-14,4
instagram,2024-02-15,1
instagram,2024-02-16,3
instagram,2024-02-17,2
instagram,2024-02-18,9
instagram,2024-02-19,1
instagram,2024-02-20,2
instagram,2024-02-23,2
instagram,2024-02-24,1
instagram,2024-02-25,1
instagram,2024-02-26,1
instagram,2024-02-27,3
instagram,2024-02-28,3
instagram,2024-02-29,1
instagram,2024-03-01,4
instagram,2024-03-02,3
instagram,2024-03-03,2
instagram,2024-03-04,1
instagram,2024-03-05,4
instagram,2024-03-06,3
instagram,2024-03-07,5
instagram,2024-03-08,6
instagram,2024-03-09,4
instagram,2024-03-10,12
instagram,2024-03-11,3
instagram,2024-03-12,5
instagram,2024-03-13,3
instagram,2024-03-14,4
instagram,2024-03-15,5
instagram,2024-03-16,5
instagram,2024-03-17,7
instagram,2024-03-18,7
instagram,2024-03-19,2
instagram,2024-03-20,3
instagram,2024-03-21,2
instagram,2024-03-22,2
instagram,2024-03-23,7
instagram,2024-03-24,6
instagram,2024-03-25,4
instagram,2024-03-26,4
instagram,2024-03-27,4
instagram,2024-03-28,3
instagram,2024-03-29,9
instagram,2024-03-30,2
instagram,2024-03-31,4
instagram,2024-04-01,2
instagram,2024-04-02,3
instagram,2024-04-03,3
instagram,2024-04-04,5
instagram,2024-04-05,1
instagram,2024-04-06,4
instagram,2024-04-07,6
instagram,2024-04-08,4
instagram,2024-04-09,1
instagram,2024-04-10,3
instagram,2024-04-11,3
instagram,2024-04-12,3
instagram,2024-04-13,4
instagram,2024-04-14,5
instagram,2024-04-15,9
instagram,2024-04-16,3
instagram,2024-04-17,2
instagram,2024-04-18,3
instagram,2024-04-19,4
instagram,2024-04-20,2
instagram,2024-04-21,2
instagram,2024-04-22,1
instagram,2024-04-23,2
instagram,2024-04-24,3
instagram,2024-04-25,2
instagram,2024-04-26,2
instagram,2024-04-27,2
instagram,2024-04-28,3
instagram,2024-04-29,5
instagram,2024-04-30,7
instagram,2024-05-01,1
instagram,2024-05-02,9
instagram,2024-05-03,3
instagram,2024-05-04,4
instagram,2024-05-05,6
instagram,2024-05-06,3
instagram,2024-05-07,5
instagram,2024-05-08,2
instagram,2024-05-09,6
instagram,2024-05-10,2
instagram,2024-05-11,4
instagram,2024-05-12,2
instagram,2024-05-13,4
instagram,2024-05-15,3
instagram,2024-05-16,4
instagram,2024-05-17,3
instagram,2024-05-18,4
instagram,2024-05-19,3
instagram,2024-05-20,5
instagram,2024-05-21,5
instagram,2024-05-22,1
instagram,2024-05-23,1
instagram,2024-05-24,1
instagram,2024-05-25,3
instagram,2024-05-26,1
instagram,2024-05-27,5
instagram,2024-05-28,1
instagram,2024-05-29,1
instagram,2024-05-30,3
instagram,2024-06-01,4
instagram,2024-06-02,2
instagram,2024-06-03,8
instagram,2024-06-05,3
instagram,2024-06-06,5
instagram,2024-06-07,2
instagram,2024-06-08,1
instagram,2024-06-09,4
instagram,2024-06-11,2
instagram,2024-06-12,2
instagram,2024-06-14,2
instagram,2024-06-15,1
instagram,2024-06-16,4
instagram,2024-06-17,3
instagram,2024-06-18,4
instagram,2024-06-19,2
instagram,2024-06-20,2
instagram,2024-06-21,4
instagram,2024-06-22,1
instagram,2024-06-23,7
instagram,2024-06-24,8
instagram,2024-06-25,6
instagram,2024-06-26,2
instagram,2024-06-27,3
instagram,2024-06-28,1
instagram,2024-06-29,2
instagram,2024-06-30,3
instagram,2024-07-01,2
instagram,2024-07-02,3
instagram,2024-07-03,4
instagram,2024-07-04,3
instagram,2024-07-05,4
instagram,2024-07-06,5
instagram,2024-07-07,2
instagram,2024-07-08,3
instagram,2024-07-10,2
instagram,2024-07-11,6
instagram,2024-07-12,1
instagram,2024-07-13,4
instagram,2024-07-14,2
instagram,2024-07-15,5
instagram,2024-07-16,4
instagram,2024-07-17,3
instagram,2024-07-18,2
instagram,2024-07-19,5
instagram,2024-07-20,3
instagram,2024-07-21,5
instagram,2024-07-22,6
instagram,2024-07-23,3
instagram,2024-07-24,4
instagram,2024-07-25,3
instagram,2024-07-27,1
instagram,2024-07-28,5
instagram,2024-07-29,5
instagram,2024-07-30,5
instagram,2024-07-31,3
instagram,2024-08-01,1
instagram,2024-08-02,2
instagram,2024-08-03,1
instagram,2024-08-04,4
instagram,2024-08-07,3
instagram,2024-08-08,2
instagram,2024-08-09,3
instagram,2024-08-10,3
instagram,2024-08-11,4
instagram,2024-08-12,7
instagram,2024-08-13,5
instagram,2024-08-14,3
instagram,2024-08-15,1
instagram,2024-08-16,2
instagram,2024-08-17,3
instagram,2024-08-18,2
instagram,2024-08-19,4
instagram,2024-08-20,2
instagram,2024-08-21,4
instagram,2024-08-22,4
instagram,2024-08-23,6
instagram,2024-08-24,5
instagram,2024-08-25,4
instagram,2024-08-26,1
instagram,2024-08-27,5
instagram,2024-08-28,3
instagram,2024-08-29,5
instagram,2024-08-30,1
instagram,2024-08-31,6
instagram,2024-09-01,6
instagram,2024-09-02,2
instagram,2024-09-03,2
instagram,2024-09-04,4
instagram,2024-09-05,4
instagram,2024-09-06,2
instagram,2024-09-07,3
instagram,2024-09-08,1
instagram,2024-09-09,6
instagram,2024-09-10,2
instagram,2024-09-11,5
instagram,2024-09-12,3
instagram,2024-09-13,6
instagram,2024-09-14,2
instagram,2024-09-15,4
instagram,2024-09-16,5
instagram,2024-09-17,3
instagram,2024-09-19,4
instagram,2024-09-21,2
instagram,2024-09-22,2
instagram,2024-09-23,5
instagram,2024-09-24,3
instagram,2024-09-25,6
instagram,2024-09-26,1
instagram,2024-09-27,1
instagram,2024-09-28,6
instagram,2024-09-29,5
instagram,2024-09-30,3
instagram,2024-10-01,4
instagram,2024-10-02,5
instagram,2024-10-03,5
instagram,2024-10-04,3
instagram,2024-10-05,3
instagram,2024-10-06,2
instagram,2024-10-07,8
instagram,2024-10-08,3
instagram,2024-10-11,2
instagram,2024-10-12,5
instagram,2024-10-13,4
instagram,2024-10-14,4
instagram,2024-10-15,7
instagram,2024-10-16,2
instagram,2024-10-17,3
instagram,2024-10-18,4
instagram,2024-10-19,2
instagram,2024-10-20,2
instagram,2024-10-21,5
instagram,2024-10-22,1
instagram,2024-10-23,2
instagram,2024-10-24,3
instagram,2024-10-25,2
instagram,2024-10-26,7
instagram,2024-10-27,5
instagram,2024-10-28,4
instagram,2024-10-29,8
instagram,2024-10-30,5
instagram,2024-10-31,5
instagram,2024-11-01,4
instagram,2024-11-02,1
instagram,2024-11-03,6
instagram,2024-11-04,2
instagram,2024-11-05,3
instagram,2024-11-06,6
instagram,2024-11-07,5
instagram,2024-11-08,10
instagram,2024-11-09,3
instagram,2024-11-10,5
instagram,2024-11-11,4
instagram,2024-11-12,5
instagram,2024-11-13,3
instagram,2024-11-14,4
instagram,2024-11-15,1
instagram,2024-11-16,1
instagram,2024-11-17,6
instagram,2024-11-18,3
instagram,2024-11-19,2
instagram,2024-11-20,2
instagram,2024-11-21,2
instagram,2024-11-22,3
instagram,2024-11-23,2
instagram,2024-11-24,7
instagram,2024-11-25,3
instagram,2024-11-26,4
instagram,2024-11-27,2
instagram,2024-11-28,4
instagram,2024-11-29,5
instagram,2024-11-30,1
instagram,2024-12-01,7
instagram,2024-12-02,5
instagram,2024-12-03,1
instagram,2024-12-04,7
instagram,2024-12-05,4
instagram,2024-12-06,6
instagram,2024-12-07,5
instagram,2024-12-08,3
instagram,2024-12-09,3
instagram,2024-12-10,3
instagram,2024-12-11,1
instagram,2024-12-12,3
instagram,2024-12-13,3
instagram,2024-12-14,3
instagram,2024-12-15,3
instagram,2024-12-16,3
instagram,2024-12-17,2
instagram,2024-12-18,5
instagram,2024-12-19,2
instagram,2024-12-20,1
instagram,2024-12-21,5
instagram,2024-12-22,3
instagram,2024-12-23,2
instagram,2024-12-24,2
instagram,2024-12-25,2
instagram,2024-12-26,2
instagram,2024-12-27,3
instagram,2024-12-28,10
instagram,2024-12-29,10
instagram,2024-12-30,4
instagram,2024-12-31,4
instagram,2025-01-01,5
instagram,2025-01-02,1
instagram,2025-01-03,3
instagram,2025-01-04,16
instagram,2025-01-05,6
instagram,2025-01-06,6
instagram,2025-01-07,5
instagram,2025-01-08,2
instagram,2025-01-09,9
instagram,2025-01-10,2
instagram,2025-01-11,5
instagram,2025-01-12,3
instagram,2025-01-13,3
instagram,2025-01-14,5
instagram,2025-01-15,4
instagram,2025-01-16,5
instagram,2025-01-17,3
instagram,2025-01-18,5
instagram,2025-01-19,3
instagram,2025-01-21,3
instagram,2025-01-22,2
instagram,2025-01-23,8
instagram,2025-01-24,2
instagram,2025-01-25,3
instagram,2025-01-26,3
instagram,2025-01-27,7
instagram,2025-01-28,3
instagram,2025-01-29,5
instagram,2025-01-30,2
instagram,2025-01-31,3
instagram,2025-02-01,3
instagram,2025-02-02,4
instagram,2025-02-03,4
instagram,2025-02-05,8
instagram,2025-02-06,2
instagram,2025-02-07,3
instagram,2025-02-08,4
instagram,2025-02-09,3
instagram,2025-02-10,1
instagram,2025-02-11,4
instagram,2025-02-12,1
instagram,2025-02-13,3
instagram,2025-02-14,4
instagram,2025-02-15,6
instagram,2025-02-16,6
instagram,2025-02-17,6
instagram,2025-02-18,3
instagram,2025-02-19,4
instagram,2025-02-20,3
instagram,2025-02-21,2
instagram,2025-02-22,5
instagram,2025-02-23,3
instagram,2025-02-24,5
instagram,2025-02-25,4
instagram,2025-02-26,3
instagram,2025-02-27,6
instagram,2025-02-28,3
instagram,2025-03-01,4
instagram,2025-03-02,2
instagram,2025-03-03,8
instagram,2025-03-04,6
instagram,2025-03-05,8
instagram,2025-03-06,5
instagram,2025-03-07,3
instagram,2025-03-08,6
instagram,2025-03-09,3
instagram,2025-03-10,7
instagram,2025-03-11,6
instagram,2025-03-12,5
instagram,2025-03-13,3
instagram,2025-03-14,5
instagram,2025-03-15,5
instagram,2025-03-16,4
instagram,2025-03-17,6
instagram,2025-03-18,3
instagram,2025-03-19,6
instagram,2025-03-20,12
instagram,2025-03-21,3
instagram,2025-03-22,4
instagram,2025-03-23,3
instagram,2025-03-24,2
instagram,2025-03-25,3
instagram,2025-03-26,5
instagram,2025-03-27,6
instagram,2025-03-28,2
instagram,2025-03-29,1
instagram,2025-03-31,3
instagram,2025-04-01,4
instagram,2025-04-02,6
instagram,2025-04-03,6
instagram,2025-04-04,2
instagram,2025-04-05,3
instagram,2025-04-06,9
instagram,2025-04-07,5
instagram,2025-04-08,5
instagram,2025-04-09,6
instagram,2025-04-10,5
instagram,2025-04-11,6
instagram,2025-04-12,5
instagram,2025-04-13,5
instagram,2025-04-14,3
instagram,2025-04-15,6
instagram,2025-04-16,3
instagram,2025-04-17,4
instagram,2025-04-18,3
instagram,2025-04-19,8
instagram,2025-04-20,9
instagram,2025-04-21,7
instagram,2025-04-22,10
instagram,2025-04-23,8
instagram,2025-04-24,7
instagram,2025-04-25,9
instagram,2025-04-26,8
instagram,2025-04-27,8
instagram,2025-04-28,7
instagram,2025-04-29,6
instagram,2025-04-30,9
instagram,2025-05-01,11
instagram,2025-05-02,6
instagram,2025-05-03,8
instagram,2025-05-04,10
instagram,2025-05-05,8
instagram,2025-05-06,12
instagram,2025-05-07,11
instagram,2025-05-08,9
instagram,2025-05-09,4
instagram,2025-05-10,5
instagram,2025-05-11,8
instagram,2025-05-12,10
instagram,2025-05-13,5
instagram,2025-05-14,6
instagram,2025-05-15,2
instagram,2025-05-16,5
instagram,2025-05-17,11
instagram,2025-05-18,7
instagram,2025-05-19,2
instagram,2025-05-20,3
instagram,2025-05-21,4
instagram,2025-05-22,1
instagram,2025-05-23,6
instagram,2025-05-24,8
instagram,2025-05-25,8
instagram,2025-05-26,2
instagram,2025-05-27,5
instagram,2025-05-28,4
instagram,2025-05-29,4
instagram,2025-05-30,3
instagram,2025-05-31,8
instagram,2025-06-01,7
instagram,2025-06-02,11
instagram,2025-06-03,7
instagram,2025-06-04,8
instagram,2025-06-05,8
instagram,2025-06-06,11
instagram,2025-06-07,11
instagram,2025-06-08,13
instagram,2025-06-09,9
instagram,2025-06-10,7
instagram,2025-06-11,11
instagram,2025-06-12,14
instagram,2025-06-13,7
instagram,2025-06-14,11
instagram,2025-06-15,7
instagram,2025-06-16,10
instagram,2025-06-17,8
instagram,2025-06-18,8
instagram,2025-06-19,4
instagram,2025-06-20,7
instagram,2025-06-21,4
instagram,2025-06-22,10
instagram,2025-06-23,30
instagram,2025-06-24,14
instagram,2025-06-25,11
instagram,2025-06-26,11
instagram,2025-06-27,14
instagram,2025-06-28,14
instagram,2025-06-29,9
instagram,2025-06-30,9
instagram,2025-07-01,14
instagram,2025-07-02,14
instagram,2025-07-03,14
instagram,2025-07-04,13
instagram,2025-07-05,11
instagram,2025-07-06,16
instagram,2025-07-07,11
instagram,2025-07-08,19
instagram,2025-07-09,11
instagram,2025-07-10,14
instagram,2025-07-11,13
instagram,2025-07-12,25
instagram,2025-07-13,14
instagram,2025-07-14,13
instagram,2025-07-15,17
instagram,2025-07-16,9
instagram,2025-07-17,19
instagram,2025-07-18,24
instagram,2025-07-19,17
instagram,2025-07-20,22
instagram,2025-07-21,20
instagram,2025-07-22,12
instagram,2025-07-23,15
instagram,2025-07-24,10
instagram,2025-07-25,13
instagram,2025-07-26,15
instagram,2025-07-27,18
instagram,2025-07-28,16
instagram,2025-07-29,14
instagram,2025-07-30,14
instagram,2025-07-31,8
instagram,2025-08-01,14
instagram,2025-08-02,14
instagram,2025-08-03,9
instagram,2025-08-04,12
instagram,2025-08-05,20
instagram,2025-08-06,18
instagram,2025-08-07,23
instagram,2025-08-08,17
instagram,2025-08-09,21
instagram,2025-08-10,16
instagram,2025-08-11,33
instagram,2025-08-12,32
instagram,2025-08-13,15
instagram,2025-08-14,17
instagram,2025-08-15,28
instagram,2025-08-16,17
instagram,2025-08-17,24
instagram,2025-08-18,61
instagram,2025-08-19,57
instagram,2025-08-20,62
instagram,2025-08-21,65
instagram,2025-08-22,69
instagram,2025-08-23,58
instagram,2025-08-24,66
instagram,2025-08-25,79
instagram,2025-08-26,110
instagram,2025-08-27,159
instagram,2025-08-28,233
instagram,2025-08-29,264
instagram,2025-08-30,500
instagram,2025-08-31,722
youtube,2025-03-09,84
youtube,2025-03-10,13
youtube,2025-03-11,358
youtube,2025-03-12,201
youtube,2025-03-13,57
youtube,2025-03-14,27
youtube,2025-03-15,472
youtube,2025-03-16,109
youtube,2025-03-17,43
youtube,2025-03-18,26
youtube,2025-03-19,59
youtube,2025-03-20,53
youtube,2025-03-21,17
youtube,2025-03-22,25
youtube,2025-03-23,22
youtube,2025-03-24,89
youtube,2025-03-25,96
youtube,2025-03-26,85
youtube,2025-03-27,72
youtube,2025-03-28,138
youtube,2025-03-29,114
youtube,2025-03-30,138
youtube,2025-03-31,78
youtube,2025-04-01,75
youtube,2025-04-02,34
youtube,2025-04-03,21
youtube,2025-04-04,59
youtube,2025-04-05,45
youtube,2025-04-06,175
youtube,2025-04-07,131
youtube,2025-04-08,92
youtube,2025-04-09,102
youtube,2025-04-10,62
youtube,2025-04-11,81
youtube,2025-04-12,66
youtube,2025-04-13,82
youtube,2025-04-14,38
youtube,2025-04-15,84
youtube,2025-04-16,30
youtube,2025-04-17,54
youtube,2025-04-18,40
youtube,2025-04-19,98
youtube,2025-04-20,104
youtube,2025-04-21,75
youtube,2025-04-22,44
youtube,2025-04-23,312
youtube,2025-04-24,279
youtube,2025-04-25,103
youtube,2025-04-26,31
youtube,2025-04-27,55
youtube,2025-04-28,64
youtube,2025-04-29,78
youtube,2025-04-30,95
youtube,2025-05-01,147
youtube,2025-05-02,66
youtube,2025-05-03,126
youtube,2025-05-04,115
youtube,2025-05-05,50
youtube,2025-05-06,64
youtube,2025-05-07,89
youtube,2025-05-08,70
youtube,2025-05-09,48
youtube,2025-05-10,83
youtube,2025-05-11,76
youtube,2025-05-12,70
youtube,2025-05-13,95
youtube,2025-05-14,92
youtube,2025-05-15,50
youtube,2025-05-16,222
youtube,2025-05-17,168
youtube,2025-05-18,227
youtube,2025-05-19,104
youtube,2025-05-20,87
youtube,2025-05-21,391
youtube,2025-05-22,109
youtube,2025-05-23,97
youtube,2025-05-24,80
youtube,2025-05-25,82
youtube,2025-05-26,96
youtube,2025-05-27,91
youtube,2025-05-28,85
youtube,2025-05-29,81
youtube,2025-05-30,69
youtube,2025-05-31,53
youtube,2025-06-01,100
youtube,2025-06-02,168
youtube,2025-06-03,103
youtube,2025-06-04,96
youtube,2025-06-05,66
youtube,2025-06-06,390
youtube,2025-06-07,228
youtube,2025-06-08,128
youtube,2025-06-09,179
youtube,2025-06-10,138
youtube,2025-06-11,118
youtube,2025-06-12,138
youtube,2025-06-13,160
youtube,2025-06-14,371
youtube,2025-06-15,265
youtube,2025-06-16,313
youtube,2025-06-17,137
youtube,2025-06-18,116
youtube,2025-06-19,97
youtube,2025-06-20,140
youtube,2025-06-21,86
youtube,2025-06-22,75
youtube,2025-06-23,74
youtube,2025-06-24,41
youtube,2025-06-25,272
youtube,2025-06-26,178
youtube,2025-06-27,132
youtube,2025-06-28,144
youtube,2025-06-29,98
youtube,2025-06-30,61
youtube,2025-07-01,99
youtube,2025-07-02,160
youtube,2025-07-03,168
youtube,2025-07-04,125
youtube,2025-07-05,113
youtube,2025-07-06,136
youtube,2025-07-07,79
youtube,2025-07-08,96
youtube,2025-07-09,141
youtube,2025-07-10,125
youtube,2025-07-11,82
youtube,2025-07-12,67
youtube,2025-07-13,102
youtube,2025-07-14,88
youtube,2025-07-15,69
youtube,2025-07-16,98
youtube,2025-07-17,231
youtube,2025-07-18,106
youtube,2025-07-19,43
youtube,2025-07-20,61
youtube,2025-07-21,70
youtube,2025-07-22,47
youtube,2025-07-23,85
youtube,2025-07-24,155
youtube,2025-07-25,225
youtube,2025-07-26,149
youtube,2025-07-27,140
youtube,2025-07-28,159
youtube,2025-07-29,64
youtube,2025-07-30,75
youtube,2025-07-31,114
youtube,2025-08-01,92
youtube,2025-08-02,57
youtube,2025-08-03,132
youtube,2025-08-04,75
youtube,2025-08-05,172
youtube,2025-08-06,72
youtube,2025-08-07,145
youtube,2025-08-08,104
youtube,2025-08-09,146
youtube,2025-08-10,132
youtube,2025-08-11,138
youtube,2025-08-12,103
youtube,2025-08-13,72
youtube,2025-08-14,44
youtube,2025-08-15,113
youtube,2025-08-16,82
youtube,2025-08-17,188
youtube,2025-08-18,114
youtube,2025-08-19,55
youtube,2025-08-20,121
youtube,2025-08-21,97
youtube,2025-08-22,207
youtube,2025-08-23,168
youtube,2025-08-24,300
youtube,2025-08-25,1193
youtube,2025-08-26,1227
youtube,2025-08-27,581
youtube,2025-08-28,370
youtube,2025-08-29,292
youtube,2025-08-30,172
youtube,2025-08-31,78
